domain,domain_class,cluster_id,cluster_label,scan_tls_ver,scan_cipher,scan_cert_key_type,scan_cert_key_bits,pqc_capable,security_score,quantum_risk_score
1lyfjz.cdn-settings.appsflyersdk.com,first_party,0,quantum-ready,TLSv1.3,TLS_AES_128_GCM_SHA256,RSA,,True,89.2,1.0
1lyfjz.conversions.appsflyersdk.com,first_party,0,quantum-ready,TLSv1.3,TLS_AES_128_GCM_SHA256,RSA,,True,89.2,1.0
1lyfjz.dlsdk.appsflyersdk.com,first_party,0,quantum-ready,TLSv1.3,TLS_AES_128_GCM_SHA256,RSA,,True,89.2,1.0
1lyfjz.gcdsdk.appsflyersdk.com,first_party,0,quantum-ready,TLSv1.3,TLS_AES_128_GCM_SHA256,RSA,,True,89.2,1.0
1lyfjz.launches.appsflyersdk.com,first_party,0,quantum-ready,TLSv1.3,TLS_AES_128_GCM_SHA256,RSA,,True,89.2,1.0
1lyfjz.pia.appsflyersdk.com,first_party,0,quantum-ready,TLSv1.3,TLS_AES_128_GCM_SHA256,RSA,,True,89.2,1.0
1lyfjz.register.appsflyersdk.com,first_party,0,quantum-ready,TLSv1.3,TLS_AES_128_GCM_SHA256,RSA,,True,89.2,1.0
28bysamwood.com,first_party,1,modern-classical,TLSv1.2,ECDHE-RSA-AES128-GCM-SHA256,RSA,,False,73.8,6.0
3d4medical.com,first_party,2,quantum-ready,TLSv1.3,TLS_AES_256_GCM_SHA384,EC-secp256r1,256,True,89.2,1.0
6over6.com,first_party,0,quantum-ready,TLSv1.3,TLS_AES_128_GCM_SHA256,RSA,,True,89.2,1.0
7mfitness.com,first_party,3,modern-classical,TLSv1.3,TLS_AES_256_GCM_SHA384,EC-secp256r1,256,False,81.2,5.5
7q8vwb-attr.appsflyersdk.com,first_party,0,quantum-ready,TLSv1.3,TLS_AES_128_GCM_SHA256,RSA,,True,89.2,1.0
7q8vwb-cdn-settings.appsflyersdk.com,first_party,0,quantum-ready,TLSv1.3,TLS_AES_128_GCM_SHA256,RSA,,True,89.2,1.0
7q8vwb-conversions.appsflyersdk.com,first_party,0,quantum-ready,TLSv1.3,TLS_AES_128_GCM_SHA256,RSA,,True,89.2,1.0
7q8vwb-dlsdk.appsflyersdk.com,first_party,0,quantum-ready,TLSv1.3,TLS_AES_128_GCM_SHA256,RSA,,True,89.2,1.0
7q8vwb-gcdsdk.appsflyersdk.com,first_party,0,quantum-ready,TLSv1.3,TLS_AES_128_GCM_SHA256,RSA,,True,89.2,1.0
7q8vwb-launches.appsflyersdk.com,first_party,0,quantum-ready,TLSv1.3,TLS_AES_128_GCM_SHA256,RSA,,True,89.2,1.0
86400.com.au,first_party,0,quantum-ready,TLSv1.3,TLS_AES_128_GCM_SHA256,RSA,,True,89.2,1.0
aami.com.au,first_party,4,modern-classical,TLSv1.3,TLS_AES_128_GCM_SHA256,RSA,,False,81.2,5.5
abbott.com,first_party,4,modern-classical,TLSv1.3,TLS_AES_128_GCM_SHA256,RSA,,False,81.2,5.5
about.doctolib.fr,first_party,2,quantum-ready,TLSv1.3,TLS_AES_256_GCM_SHA384,EC-secp256r1,256,True,89.2,1.0
acala-api.twnodes.com,other_third_party,5,modern-classical,TLSv1.2,ECDHE-RSA-AES128-GCM-SHA256,RSA,,False,73.8,6.0
acala-evm.twnodes.com,other_third_party,5,modern-classical,TLSv1.2,ECDHE-RSA-AES128-GCM-SHA256,RSA,,False,73.8,6.0
acemoneytransfer.com,first_party,2,quantum-ready,TLSv1.3,TLS_AES_256_GCM_SHA384,EC-secp256r1,256,True,89.2,1.0
aci.health.nsw.gov.au,first_party,2,quantum-ready,TLSv1.3,TLS_AES_256_GCM_SHA384,EC-secp256r1,256,True,89.2,1.0
act.gov.au,first_party,2,quantum-ready,TLSv1.3,TLS_AES_256_GCM_SHA384,EC-secp256r1,256,True,89.2,1.0
ada.com,first_party,2,quantum-ready,TLSv1.3,TLS_AES_256_GCM_SHA384,EC-secp256r1,256,True,89.2,1.0
adobe.com,first_party,3,modern-classical,TLSv1.3,TLS_AES_256_GCM_SHA384,EC-secp256r1,256,False,81.2,5.5
aeternity.twnodes.com,other_third_party,5,modern-classical,TLSv1.2,ECDHE-RSA-AES128-GCM-SHA256,RSA,,False,73.8,6.0
agetap.com,first_party,3,modern-classical,TLSv1.3,TLS_AES_256_GCM_SHA384,EC-secp256r1,256,False,81.2,5.5
agoric-api.twnodes.com,other_third_party,5,modern-classical,TLSv1.2,ECDHE-RSA-AES128-GCM-SHA256,RSA,,False,73.8,6.0
aia.com.au,first_party,3,modern-classical,TLSv1.3,TLS_AES_256_GCM_SHA384,EC-secp256r1,256,False,81.2,5.5
aion.twnodes.com,other_third_party,5,modern-classical,TLSv1.2,ECDHE-RSA-AES128-GCM-SHA256,RSA,,False,73.8,6.0
airtel.in,first_party,1,modern-classical,TLSv1.2,ECDHE-RSA-AES128-GCM-SHA256,RSA,,False,73.8,6.0
akash-api.twnodes.com,other_third_party,5,modern-classical,TLSv1.2,ECDHE-RSA-AES128-GCM-SHA256,RSA,,False,73.8,6.0
akzidf.inapps.appsflyersdk.com,first_party,0,quantum-ready,TLSv1.3,TLS_AES_128_GCM_SHA256,RSA,,True,89.2,1.0
akzidf.launches.appsflyersdk.com,first_party,0,quantum-ready,TLSv1.3,TLS_AES_128_GCM_SHA256,RSA,,True,89.2,1.0
alfredimaging.com.au,first_party,0,quantum-ready,TLSv1.3,TLS_AES_128_GCM_SHA256,RSA,,True,89.2,1.0
algorand.twnodes.com,other_third_party,5,modern-classical,TLSv1.2,ECDHE-RSA-AES128-GCM-SHA256,RSA,,False,73.8,6.0
aliavpn.xyz,first_party,2,quantum-ready,TLSv1.3,TLS_AES_256_GCM_SHA384,EC-secp256r1,256,True,89.2,1.0
alivecor.com,first_party,6,modern-classical,TLSv1.3,TLS_AES_256_GCM_SHA384,RSA,,False,81.2,5.5
allet.bitcoin.com,first_party,1,modern-classical,TLSv1.2,ECDHE-RSA-AES128-GCM-SHA256,RSA,,False,73.8,6.0
alltrails.com,first_party,0,quantum-ready,TLSv1.3,TLS_AES_128_GCM_SHA256,RSA,,True,89.2,1.0
alphaprogression.com,first_party,6,modern-classical,TLSv1.3,TLS_AES_256_GCM_SHA384,RSA,,False,81.2,5.5
ambulance.qld.gov.au,first_party,2,quantum-ready,TLSv1.3,TLS_AES_256_GCM_SHA384,EC-secp256r1,256,True,89.2,1.0
ambulance.vic.gov.au,first_party,6,modern-classical,TLSv1.3,TLS_AES_256_GCM_SHA384,RSA,,False,81.2,5.5
americanexpress.com,first_party,6,modern-classical,TLSv1.3,TLS_AES_256_GCM_SHA384,RSA,,False,81.2,5.5
amp.com.au,first_party,4,modern-classical,TLSv1.3,TLS_AES_128_GCM_SHA256,RSA,,False,81.2,5.5
amplifon.com,first_party,1,modern-classical,TLSv1.2,ECDHE-RSA-AES128-GCM-SHA256,RSA,,False,73.8,6.0
amtun.xyz,first_party,6,modern-classical,TLSv1.3,TLS_AES_256_GCM_SHA384,RSA,,False,81.2,5.5
anatomy3datlas.com,first_party,6,modern-classical,TLSv1.3,TLS_AES_256_GCM_SHA384,RSA,,False,81.2,5.5
anatomylearning.com,first_party,3,modern-classical,TLSv1.3,TLS_AES_256_GCM_SHA384,EC-secp256r1,256,False,81.2,5.5
android-cdn-api.fitbit.com,first_party,2,quantum-ready,TLSv1.3,TLS_AES_256_GCM_SHA384,EC-secp256r1,256,True,89.2,1.0
android.com,first_party,3,modern-classical,TLSv1.3,TLS_AES_256_GCM_SHA384,EC-secp256r1,256,False,81.2,5.5
androidappshk.com,first_party,3,modern-classical,TLSv1.3,TLS_AES_256_GCM_SHA384,EC-secp384r1,384,False,81.2,5.5
announcement.bybit.com,first_party,3,modern-classical,TLSv1.3,TLS_AES_256_GCM_SHA384,EC-secp256r1,256,False,81.2,5.5
antunnellite.blogspot.com,first_party,3,modern-classical,TLSv1.3,TLS_AES_256_GCM_SHA384,EC-secp256r1,256,False,81.2,5.5
anz.co.nz,first_party,4,modern-classical,TLSv1.3,TLS_AES_128_GCM_SHA256,RSA,,False,81.2,5.5
anz.com,first_party,4,modern-classical,TLSv1.3,TLS_AES_128_GCM_SHA256,RSA,,False,81.2,5.5
anz.com.au,first_party,4,modern-classical,TLSv1.3,TLS_AES_128_GCM_SHA256,RSA,,False,81.2,5.5
api-promo.samsungknowledge.com,first_party,0,quantum-ready,TLSv1.3,TLS_AES_128_GCM_SHA256,RSA,,True,89.2,1.0
api.bnbchain.org,other_third_party,-1,pqc-transitioning,TLSv1.3,TLS_AES_128_GCM_SHA256,RSA,,True,89.2,1.0
api.cb-device-intelligence.com,first_party,6,modern-classical,TLSv1.3,TLS_AES_256_GCM_SHA384,RSA,,False,81.2,5.5
api.coinbase.com,first_party,2,quantum-ready,TLSv1.3,TLS_AES_256_GCM_SHA384,EC-secp256r1,256,True,89.2,1.0
api.commonservice.io,first_party,0,quantum-ready,TLSv1.3,TLS_AES_128_GCM_SHA256,RSA,,True,89.2,1.0
api.hcaptcha.com,other_third_party,7,quantum-ready,TLSv1.3,TLS_AES_256_GCM_SHA384,EC-secp256r1,256,True,89.2,1.0
api.lab.amplitude.com,ads_analytics,-1,pqc-transitioning,TLSv1.3,TLS_AES_128_GCM_SHA256,RSA,,False,81.2,5.5
api.leanplum.com,ads_analytics,8,modern-classical,TLSv1.3,TLS_AES_256_GCM_SHA384,RSA,,False,81.2,5.5
api.mixpanel.com,ads_analytics,8,modern-classical,TLSv1.3,TLS_AES_256_GCM_SHA384,RSA,,False,81.2,5.5
api.owhealth.com,first_party,2,quantum-ready,TLSv1.3,TLS_AES_256_GCM_SHA384,EC-secp256r1,256,True,89.2,1.0
api.prodeu.rdcplatform.com,first_party,2,quantum-ready,TLSv1.3,TLS_AES_256_GCM_SHA384,EC-secp256r1,256,True,89.2,1.0
api.revolut.com,first_party,6,modern-classical,TLSv1.3,TLS_AES_256_GCM_SHA384,RSA,,False,81.2,5.5
api.samsungcloud.com,other_third_party,-1,pqc-transitioning,TLSv1.3,TLS_AES_128_GCM_SHA256,RSA,,False,81.2,5.5
api.samsungconsent.com,first_party,0,quantum-ready,TLSv1.3,TLS_AES_128_GCM_SHA256,RSA,,True,89.2,1.0
api.samsungknowledge.com,first_party,0,quantum-ready,TLSv1.3,TLS_AES_128_GCM_SHA256,RSA,,True,89.2,1.0
api.sardine.ai,other_third_party,9,modern-classical,TLSv1.3,TLS_AES_256_GCM_SHA384,RSA,,False,81.2,5.5
api.sprig.com,other_third_party,-1,pqc-transitioning,TLSv1.3,TLS_AES_128_GCM_SHA256,RSA,,False,81.2,5.5
api16-access-ttp.tiktokpangle.us,first_party,3,modern-classical,TLSv1.3,TLS_AES_256_GCM_SHA384,EC-secp256r1,256,False,81.2,5.5
apirox.com,first_party,6,modern-classical,TLSv1.3,TLS_AES_256_GCM_SHA384,RSA,,False,81.2,5.5
apls.org.au,first_party,2,quantum-ready,TLSv1.3,TLS_AES_256_GCM_SHA384,EC-secp256r1,256,True,89.2,1.0
apnatunnel1.blogspot.com,first_party,3,modern-classical,TLSv1.3,TLS_AES_256_GCM_SHA384,EC-secp256r1,256,False,81.2,5.5
apnatunnellite.blogspot.com,first_party,3,modern-classical,TLSv1.3,TLS_AES_256_GCM_SHA384,EC-secp256r1,256,False,81.2,5.5
apnavpn.blogspot.com,first_party,2,quantum-ready,TLSv1.3,TLS_AES_256_GCM_SHA384,EC-secp256r1,256,True,89.2,1.0
app.help-document.com,first_party,4,modern-classical,TLSv1.3,TLS_AES_128_GCM_SHA256,RSA,,False,81.2,5.5
app.termly.io,first_party,2,quantum-ready,TLSv1.3,TLS_AES_256_GCM_SHA384,EC-secp256r1,256,True,89.2,1.0
app.uteasy.com,first_party,4,modern-classical,TLSv1.3,TLS_AES_128_GCM_SHA256,RSA,,False,81.2,5.5
appsdevlab.com,first_party,6,modern-classical,TLSv1.3,TLS_AES_256_GCM_SHA384,RSA,,False,81.2,5.5
aptos.twnodes.com,other_third_party,5,modern-classical,TLSv1.2,ECDHE-RSA-AES128-GCM-SHA256,RSA,,False,73.8,6.0
aqueduct.revolut.com,first_party,6,modern-classical,TLSv1.3,TLS_AES_256_GCM_SHA384,RSA,,False,81.2,5.5
arbitrum.twnodes.com,other_third_party,5,modern-classical,TLSv1.2,ECDHE-RSA-AES128-GCM-SHA256,RSA,,False,73.8,6.0
ark.coinbase.com,first_party,0,quantum-ready,TLSv1.3,TLS_AES_128_GCM_SHA256,RSA,,True,89.2,1.0
as.coinbase.com,first_party,2,quantum-ready,TLSv1.3,TLS_AES_256_GCM_SHA384,EC-secp256r1,256,True,89.2,1.0
askovum.com,first_party,10,quantum-ready,TLSv1.3,TLS_AES_128_GCM_SHA256,EC-secp256r1,256,True,89.2,1.0
assets-cdn.trustwallet.com,first_party,2,quantum-ready,TLSv1.3,TLS_AES_256_GCM_SHA384,EC-secp256r1,256,True,89.2,1.0
assets.mysugr.com,first_party,0,quantum-ready,TLSv1.3,TLS_AES_128_GCM_SHA256,RSA,,True,89.2,1.0
assets.prod.leanplum.com,ads_analytics,-1,pqc-transitioning,TLSv1.3,TLS_AES_256_GCM_SHA384,EC-secp256r1,256,True,89.2,1.0
assets.revolut.com,first_party,11,quantum-ready,TLSv1.3,TLS_AES_256_GCM_SHA384,RSA,,True,89.2,1.0
assistant.trustwallet.com,first_party,2,quantum-ready,TLSv1.3,TLS_AES_256_GCM_SHA384,EC-secp256r1,256,True,89.2,1.0
asterdex.com,first_party,0,quantum-ready,TLSv1.3,TLS_AES_128_GCM_SHA256,RSA,,True,89.2,1.0
atnetvpn.blogspot.com,first_party,2,quantum-ready,TLSv1.3,TLS_AES_256_GCM_SHA384,EC-secp256r1,256,True,89.2,1.0
ato.gov.au,first_party,4,modern-classical,TLSv1.3,TLS_AES_128_GCM_SHA256,RSA,,False,81.2,5.5
au.earnd.com,first_party,4,modern-classical,TLSv1.3,TLS_AES_128_GCM_SHA256,RSA,,False,81.2,5.5
aurora.twnodes.com,other_third_party,5,modern-classical,TLSv1.2,ECDHE-RSA-AES128-GCM-SHA256,RSA,,False,73.8,6.0
ausmed.co.uk,first_party,4,modern-classical,TLSv1.3,TLS_AES_128_GCM_SHA256,RSA,,False,81.2,5.5
ausmed.com,first_party,4,modern-classical,TLSv1.3,TLS_AES_128_GCM_SHA256,RSA,,False,81.2,5.5
auspost.com.au,first_party,0,quantum-ready,TLSv1.3,TLS_AES_128_GCM_SHA256,RSA,,True,89.2,1.0
aussie.com.au,first_party,1,modern-classical,TLSv1.2,ECDHE-RSA-AES128-GCM-SHA256,RSA,,False,73.8,6.0
australianretirementtrust.com.au,first_party,4,modern-classical,TLSv1.3,TLS_AES_128_GCM_SHA256,RSA,,False,81.2,5.5
australiansuper.com,first_party,3,modern-classical,TLSv1.3,TLS_AES_256_GCM_SHA384,EC-secp256r1,256,False,81.2,5.5
auth.flo.health,first_party,2,quantum-ready,TLSv1.3,TLS_AES_256_GCM_SHA384,EC-secp256r1,256,True,89.2,1.0
auth.wikimedia.org,other_third_party,-1,pqc-transitioning,TLSv1.3,TLS_AES_128_GCM_SHA256,EC-secp256r1,256,True,89.2,1.0
automedsystems.com.au,first_party,6,modern-classical,TLSv1.3,TLS_AES_256_GCM_SHA384,RSA,,False,81.2,5.5
avalanche.twnodes.com,other_third_party,5,modern-classical,TLSv1.2,ECDHE-RSA-AES128-GCM-SHA256,RSA,,False,73.8,6.0
avast.com,first_party,6,modern-classical,TLSv1.3,TLS_AES_256_GCM_SHA384,RSA,,False,81.2,5.5
aware.com.au,first_party,3,modern-classical,TLSv1.3,TLS_AES_256_GCM_SHA384,EC-secp256r1,256,False,81.2,5.5
axelar-api.twnodes.com,other_third_party,5,modern-classical,TLSv1.2,ECDHE-RSA-AES128-GCM-SHA256,RSA,,False,73.8,6.0
aztunnel.blogspot.com,first_party,2,quantum-ready,TLSv1.3,TLS_AES_256_GCM_SHA384,EC-secp256r1,256,True,89.2,1.0
balanceapp.com,first_party,2,quantum-ready,TLSv1.3,TLS_AES_256_GCM_SHA384,EC-secp256r1,256,True,89.2,1.0
bankaust.com.au,first_party,11,quantum-ready,TLSv1.3,TLS_AES_256_GCM_SHA384,RSA,,True,89.2,1.0
banksa.com.au,first_party,0,quantum-ready,TLSv1.3,TLS_AES_128_GCM_SHA256,RSA,,True,89.2,1.0
base.twnodes.com,other_third_party,5,modern-classical,TLSv1.2,ECDHE-RSA-AES128-GCM-SHA256,RSA,,False,73.8,6.0
bd.betashares.com.au,first_party,2,quantum-ready,TLSv1.3,TLS_AES_256_GCM_SHA384,EC-secp256r1,256,True,89.2,1.0
beasting.app,first_party,6,modern-classical,TLSv1.3,TLS_AES_256_GCM_SHA384,RSA,,False,81.2,5.5
beem.com.au,first_party,1,modern-classical,TLSv1.2,ECDHE-RSA-AES128-GCM-SHA256,RSA,,False,73.8,6.0
beforepay.com.au,first_party,1,modern-classical,TLSv1.2,ECDHE-RSA-AES128-GCM-SHA256,RSA,,False,73.8,6.0
bend.com,first_party,3,modern-classical,TLSv1.3,TLS_AES_256_GCM_SHA384,EC-secp256r1,256,False,81.2,5.5
betashares.com.au,first_party,2,quantum-ready,TLSv1.3,TLS_AES_256_GCM_SHA384,EC-secp256r1,256,True,89.2,1.0
betterhelp.com,first_party,4,modern-classical,TLSv1.3,TLS_AES_128_GCM_SHA256,RSA,,False,81.2,5.5
betterme.world,first_party,0,quantum-ready,TLSv1.3,TLS_AES_128_GCM_SHA256,RSA,,True,89.2,1.0
bettermedical.com.au,first_party,2,quantum-ready,TLSv1.3,TLS_AES_256_GCM_SHA384,EC-secp256r1,256,True,89.2,1.0
bettersleep.com,first_party,2,quantum-ready,TLSv1.3,TLS_AES_256_GCM_SHA384,EC-secp256r1,256,True,89.2,1.0
beyondbank.com.au,first_party,2,quantum-ready,TLSv1.3,TLS_AES_256_GCM_SHA384,EC-secp256r1,256,True,89.2,1.0
binance.com,first_party,4,modern-classical,TLSv1.3,TLS_AES_128_GCM_SHA256,RSA,,False,81.2,5.5
bitcoin.com,first_party,4,modern-classical,TLSv1.3,TLS_AES_128_GCM_SHA256,RSA,,False,81.2,5.5
bitcoin.com.au,first_party,2,quantum-ready,TLSv1.3,TLS_AES_256_GCM_SHA384,EC-secp256r1,256,True,89.2,1.0
bitcoincash-blockbook.twnodes.com,first_party,1,modern-classical,TLSv1.2,ECDHE-RSA-AES128-GCM-SHA256,RSA,,False,73.8,6.0
bitepal.app,first_party,2,quantum-ready,TLSv1.3,TLS_AES_256_GCM_SHA384,EC-secp256r1,256,True,89.2,1.0
bitget.com,first_party,11,quantum-ready,TLSv1.3,TLS_AES_256_GCM_SHA384,RSA,,True,89.2,1.0
blackdoginstitute.org.au,first_party,2,quantum-ready,TLSv1.3,TLS_AES_256_GCM_SHA384,EC-secp256r1,256,True,89.2,1.0
blast.twnodes.com,other_third_party,5,modern-classical,TLSv1.2,ECDHE-RSA-AES128-GCM-SHA256,RSA,,False,73.8,6.0
blog.bybit.com,first_party,3,modern-classical,TLSv1.3,TLS_AES_256_GCM_SHA384,EC-secp256r1,256,False,81.2,5.5
bloodppressure.info,first_party,2,quantum-ready,TLSv1.3,TLS_AES_256_GCM_SHA384,EC-secp256r1,256,True,89.2,1.0
blua.bupa.com.au,first_party,4,modern-classical,TLSv1.3,TLS_AES_128_GCM_SHA256,RSA,,False,81.2,5.5
blush-viper-9fa.notion.site,first_party,2,quantum-ready,TLSv1.3,TLS_AES_256_GCM_SHA384,EC-secp256r1,256,True,89.2,1.0
boba.twnodes.com,other_third_party,5,modern-classical,TLSv1.2,ECDHE-RSA-AES128-GCM-SHA256,RSA,,False,73.8,6.0
bodyfast.app,first_party,10,quantum-ready,TLSv1.3,TLS_AES_128_GCM_SHA256,EC-secp256r1,256,True,89.2,1.0
bodyfast.de,first_party,1,modern-classical,TLSv1.2,ECDHE-RSA-AES128-GCM-SHA256,RSA,,False,73.8,6.0
boehringer-ingelheim.com,first_party,4,modern-classical,TLSv1.3,TLS_AES_128_GCM_SHA256,RSA,,False,81.2,5.5
boq.com.au,first_party,12,modern-classical,TLSv1.2,ECDHE-RSA-AES256-GCM-SHA384,RSA,,False,73.8,6.0
bouncebit.twnodes.com,other_third_party,5,modern-classical,TLSv1.2,ECDHE-RSA-AES128-GCM-SHA256,RSA,,False,73.8,6.0
bpjournal.portalgroove.com,first_party,4,modern-classical,TLSv1.3,TLS_AES_128_GCM_SHA256,RSA,,False,81.2,5.5
bpjs-kesehatan.go.id,first_party,-1,pqc-transitioning,TLSv1.2,ECDHE-RSA-AES256-SHA384,RSA,,False,73.8,6.0
brainimpulse.me,first_party,0,quantum-ready,TLSv1.3,TLS_AES_128_GCM_SHA256,RSA,,True,89.2,1.0
brave.com,first_party,0,quantum-ready,TLSv1.3,TLS_AES_128_GCM_SHA256,RSA,,True,89.2,1.0
brighte.com.au,first_party,13,modern-classical,TLSv1.3,TLS_AES_128_GCM_SHA256,EC-secp256r1,256,False,81.2,5.5
browser-intake-datadoghq.com,ads_analytics,8,modern-classical,TLSv1.3,TLS_AES_256_GCM_SHA384,RSA,,False,81.2,5.5
bsc.twnodes.com,other_third_party,5,modern-classical,TLSv1.2,ECDHE-RSA-AES128-GCM-SHA256,RSA,,False,73.8,6.0
btc-book.twnodes.com,other_third_party,5,modern-classical,TLSv1.2,ECDHE-RSA-AES128-GCM-SHA256,RSA,,False,73.8,6.0
btcc.com,first_party,3,modern-classical,TLSv1.3,TLS_AES_256_GCM_SHA384,EC-secp256r1,256,False,81.2,5.5
budgetbakers.com,first_party,0,quantum-ready,TLSv1.3,TLS_AES_128_GCM_SHA256,RSA,,True,89.2,1.0
business.adobe.com,first_party,3,modern-classical,TLSv1.3,TLS_AES_256_GCM_SHA384,EC-secp256r1,256,False,81.2,5.5
bybit.com,first_party,1,modern-classical,TLSv1.2,ECDHE-RSA-AES128-GCM-SHA256,RSA,,False,73.8,6.0
c25kfree.com,first_party,6,modern-classical,TLSv1.3,TLS_AES_256_GCM_SHA384,RSA,,False,81.2,5.5
cactus-bp.com,first_party,6,modern-classical,TLSv1.3,TLS_AES_256_GCM_SHA384,RSA,,False,81.2,5.5
callisto.twnodes.com,first_party,1,modern-classical,TLSv1.2,ECDHE-RSA-AES128-GCM-SHA256,RSA,,False,73.8,6.0
calm.com,first_party,0,quantum-ready,TLSv1.3,TLS_AES_128_GCM_SHA256,RSA,,True,89.2,1.0
camdiab.com,first_party,13,modern-classical,TLSv1.3,TLS_AES_128_GCM_SHA256,EC-secp256r1,256,False,81.2,5.5
canberraimaging.com.au,first_party,2,quantum-ready,TLSv1.3,TLS_AES_256_GCM_SHA384,EC-secp256r1,256,True,89.2,1.0
cannihelp.com.au,first_party,2,quantum-ready,TLSv1.3,TLS_AES_256_GCM_SHA384,EC-secp256r1,256,True,89.2,1.0
canstar.com.au,first_party,0,quantum-ready,TLSv1.3,TLS_AES_128_GCM_SHA256,RSA,,True,89.2,1.0
capital.com,first_party,4,modern-classical,TLSv1.3,TLS_AES_128_GCM_SHA256,RSA,,False,81.2,5.5
capitecbank.co.za,first_party,2,quantum-ready,TLSv1.3,TLS_AES_256_GCM_SHA384,EC-secp256r1,256,True,89.2,1.0
cardano-graphql.twnodes.com,other_third_party,5,modern-classical,TLSv1.2,ECDHE-RSA-AES128-GCM-SHA256,RSA,,False,73.8,6.0
cardiome.matrixmobile.net,first_party,6,modern-classical,TLSv1.3,TLS_AES_256_GCM_SHA384,RSA,,False,81.2,5.5
cardiovascular.abbott.com,first_party,4,modern-classical,TLSv1.3,TLS_AES_128_GCM_SHA256,RSA,,False,81.2,5.5
cardsapp.com,first_party,4,modern-classical,TLSv1.3,TLS_AES_128_GCM_SHA256,RSA,,False,81.2,5.5
caremaster.com.au,first_party,2,quantum-ready,TLSv1.3,TLS_AES_256_GCM_SHA384,EC-secp256r1,256,True,89.2,1.0
caresuper.com.au,first_party,11,quantum-ready,TLSv1.3,TLS_AES_256_GCM_SHA384,RSA,,True,89.2,1.0
caringathomeproject.com.au,first_party,2,quantum-ready,TLSv1.3,TLS_AES_256_GCM_SHA384,EC-secp256r1,256,True,89.2,1.0
cashconverters.com.au,first_party,6,modern-classical,TLSv1.3,TLS_AES_256_GCM_SHA384,RSA,,False,81.2,5.5
cashiepace.com,first_party,3,modern-classical,TLSv1.3,TLS_AES_256_GCM_SHA384,EC-secp256r1,256,False,81.2,5.5
casimaging.com.au,first_party,4,modern-classical,TLSv1.3,TLS_AES_128_GCM_SHA256,RSA,,False,81.2,5.5
cbussuper.com.au,first_party,4,modern-classical,TLSv1.3,TLS_AES_128_GCM_SHA256,RSA,,False,81.2,5.5
cdnmedia.mywellness.com,first_party,0,quantum-ready,TLSv1.3,TLS_AES_128_GCM_SHA256,RSA,,True,89.2,1.0
celo.twnodes.com,other_third_party,5,modern-classical,TLSv1.2,ECDHE-RSA-AES128-GCM-SHA256,RSA,,False,73.8,6.0
centr.com,first_party,6,modern-classical,TLSv1.3,TLS_AES_256_GCM_SHA384,RSA,,False,81.2,5.5
cfs.com.au,first_party,6,modern-classical,TLSv1.3,TLS_AES_256_GCM_SHA384,RSA,,False,81.2,5.5
chairyoga.ezhealth.app,first_party,0,quantum-ready,TLSv1.3,TLS_AES_128_GCM_SHA256,RSA,,True,89.2,1.0
chatmateapp.com,first_party,6,modern-classical,TLSv1.3,TLS_AES_256_GCM_SHA384,RSA,,False,81.2,5.5
chemist2u.com.au,first_party,2,quantum-ready,TLSv1.3,TLS_AES_256_GCM_SHA384,EC-secp256r1,256,True,89.2,1.0
chemistwarehouse.com.au,first_party,2,quantum-ready,TLSv1.3,TLS_AES_256_GCM_SHA384,EC-secp256r1,256,True,89.2,1.0
childgrowthtracker.com,first_party,0,quantum-ready,TLSv1.3,TLS_AES_128_GCM_SHA256,RSA,,True,89.2,1.0
chocokoko.github.io,first_party,4,modern-classical,TLSv1.3,TLS_AES_128_GCM_SHA256,RSA,,False,81.2,5.5
citimanager.com,first_party,12,modern-classical,TLSv1.2,ECDHE-RSA-AES256-GCM-SHA384,RSA,,False,73.8,6.0
classic.twnodes.com,other_third_party,5,modern-classical,TLSv1.2,ECDHE-RSA-AES128-GCM-SHA256,RSA,,False,73.8,6.0
classpass.com,first_party,2,quantum-ready,TLSv1.3,TLS_AES_256_GCM_SHA384,EC-secp256r1,256,True,89.2,1.0
claytoninds.com,first_party,2,quantum-ready,TLSv1.3,TLS_AES_256_GCM_SHA384,EC-secp256r1,256,True,89.2,1.0
clearblue.com,first_party,2,quantum-ready,TLSv1.3,TLS_AES_256_GCM_SHA384,EC-secp256r1,256,True,89.2,1.0
clearscore.com,first_party,11,quantum-ready,TLSv1.3,TLS_AES_256_GCM_SHA384,RSA,,True,89.2,1.0
clientsdk.launchdarkly.com,other_third_party,-1,pqc-transitioning,TLSv1.3,TLS_AES_128_GCM_SHA256,RSA,,False,81.2,5.5
clublime.com.au,first_party,2,quantum-ready,TLSv1.3,TLS_AES_256_GCM_SHA384,EC-secp256r1,256,True,89.2,1.0
clubworx.com,first_party,2,quantum-ready,TLSv1.3,TLS_AES_256_GCM_SHA384,EC-secp256r1,256,True,89.2,1.0
cmcmarkets.com,first_party,6,modern-classical,TLSv1.3,TLS_AES_256_GCM_SHA384,RSA,,False,81.2,5.5
co.mindbodyonline.com,first_party,2,quantum-ready,TLSv1.3,TLS_AES_256_GCM_SHA384,EC-secp256r1,256,True,89.2,1.0
cochlear.com,first_party,1,modern-classical,TLSv1.2,ECDHE-RSA-AES128-GCM-SHA256,RSA,,False,73.8,6.0
coinbase.com,first_party,2,quantum-ready,TLSv1.3,TLS_AES_256_GCM_SHA384,EC-secp256r1,256,True,89.2,1.0
coingecko.com,first_party,2,quantum-ready,TLSv1.3,TLS_AES_256_GCM_SHA384,EC-secp256r1,256,True,89.2,1.0
coinmarketcap.com,first_party,0,quantum-ready,TLSv1.3,TLS_AES_128_GCM_SHA256,RSA,,True,89.2,1.0
coinspot.com.au,first_party,2,quantum-ready,TLSv1.3,TLS_AES_256_GCM_SHA384,EC-secp256r1,256,True,89.2,1.0
coinstash.com.au,first_party,14,modern-classical,TLSv1.2,ECDHE-ECDSA-AES128-GCM-SHA256,EC-secp256r1,256,False,73.8,6.0
commbank.com.au,first_party,12,modern-classical,TLSv1.2,ECDHE-RSA-AES256-GCM-SHA384,RSA,,False,73.8,6.0
commsec.com.au,first_party,0,quantum-ready,TLSv1.3,TLS_AES_128_GCM_SHA256,RSA,,True,89.2,1.0
comparethemarket.com.au,first_party,2,quantum-ready,TLSv1.3,TLS_AES_256_GCM_SHA384,EC-secp256r1,256,True,89.2,1.0
conflux-evm.twnodes.com,first_party,1,modern-classical,TLSv1.2,ECDHE-RSA-AES128-GCM-SHA256,RSA,,False,73.8,6.0
contact-us.welltech.com,first_party,0,quantum-ready,TLSv1.3,TLS_AES_128_GCM_SHA256,RSA,,True,89.2,1.0
content.owhealth.com,first_party,2,quantum-ready,TLSv1.3,TLS_AES_256_GCM_SHA384,EC-secp256r1,256,True,89.2,1.0
content.samsungknowledge.com,first_party,0,quantum-ready,TLSv1.3,TLS_AES_128_GCM_SHA256,RSA,,True,89.2,1.0
content.schwab.com,first_party,6,modern-classical,TLSv1.3,TLS_AES_256_GCM_SHA384,RSA,,False,81.2,5.5
contentful.coinbase.com,first_party,2,quantum-ready,TLSv1.3,TLS_AES_256_GCM_SHA384,EC-secp256r1,256,True,89.2,1.0
contourcloudasia.ascensia.com,first_party,6,modern-classical,TLSv1.3,TLS_AES_256_GCM_SHA384,RSA,,False,81.2,5.5
cosmos.twnodes.com,other_third_party,5,modern-classical,TLSv1.2,ECDHE-RSA-AES128-GCM-SHA256,RSA,,False,73.8,6.0
countly-api.mysugr.com,first_party,2,quantum-ready,TLSv1.3,TLS_AES_256_GCM_SHA384,EC-secp256r1,256,True,89.2,1.0
countthekicks.org,first_party,0,quantum-ready,TLSv1.3,TLS_AES_128_GCM_SHA256,RSA,,True,89.2,1.0
cp.expressapisv2.net,other_third_party,7,quantum-ready,TLSv1.3,TLS_AES_256_GCM_SHA384,EC-secp256r1,256,True,89.2,1.0
crashes.owhealth.com,first_party,2,quantum-ready,TLSv1.3,TLS_AES_256_GCM_SHA384,EC-secp256r1,256,True,89.2,1.0
cronometer.com,first_party,4,modern-classical,TLSv1.3,TLS_AES_128_GCM_SHA256,RSA,,False,81.2,5.5
cronos.twnodes.com,other_third_party,5,modern-classical,TLSv1.2,ECDHE-RSA-AES128-GCM-SHA256,RSA,,False,73.8,6.0
crypto-org-lcd.twnodes.com,first_party,1,modern-classical,TLSv1.2,ECDHE-RSA-AES128-GCM-SHA256,RSA,,False,73.8,6.0
crypto.com,first_party,2,quantum-ready,TLSv1.3,TLS_AES_256_GCM_SHA384,EC-secp256r1,256,True,89.2,1.0
curablehealth.com,first_party,6,modern-classical,TLSv1.3,TLS_AES_256_GCM_SHA384,RSA,,False,81.2,5.5
cwapp.mychemist.com.au,first_party,-1,pqc-transitioning,TLSv1.2,ECDHE-RSA-AES256-SHA384,RSA,,False,73.8,6.0
d-dx.aurafitphone.com,first_party,4,modern-classical,TLSv1.3,TLS_AES_128_GCM_SHA256,RSA,,False,81.2,5.5
d1z1wzuizrhw9q.cloudfront.net,cdn,15,quantum-ready,TLSv1.3,TLS_AES_128_GCM_SHA256,RSA,,True,89.2,1.0
d2e3d062-0669-4725-8b57-bce95e229548.seondnsresolve.com,first_party,1,modern-classical,TLSv1.2,ECDHE-RSA-AES128-GCM-SHA256,RSA,,False,73.8,6.0
dana.id,first_party,6,modern-classical,TLSv1.3,TLS_AES_256_GCM_SHA384,RSA,,False,81.2,5.5
dash-blockbook.twnodes.com,other_third_party,5,modern-classical,TLSv1.2,ECDHE-RSA-AES128-GCM-SHA256,RSA,,False,73.8,6.0
ddrivue.com.au,first_party,6,modern-classical,TLSv1.3,TLS_AES_256_GCM_SHA384,RSA,,False,81.2,5.5
decred-blockbook.twnodes.com,other_third_party,5,modern-classical,TLSv1.2,ECDHE-RSA-AES128-GCM-SHA256,RSA,,False,73.8,6.0
deepthought.industries,first_party,12,modern-classical,TLSv1.2,ECDHE-RSA-AES256-GCM-SHA384,RSA,,False,73.8,6.0
deferit.com,first_party,0,quantum-ready,TLSv1.3,TLS_AES_128_GCM_SHA256,RSA,,True,89.2,1.0
degoo.com,first_party,2,quantum-ready,TLSv1.3,TLS_AES_256_GCM_SHA384,EC-secp256r1,256,True,89.2,1.0
dental-monitoring.com,first_party,1,modern-classical,TLSv1.2,ECDHE-RSA-AES128-GCM-SHA256,RSA,,False,73.8,6.0
dental99.com.au,first_party,2,quantum-ready,TLSv1.3,TLS_AES_256_GCM_SHA384,EC-secp256r1,256,True,89.2,1.0
devextras.com,first_party,2,quantum-ready,TLSv1.3,TLS_AES_256_GCM_SHA384,EC-secp256r1,256,True,89.2,1.0
dexscreener.com,first_party,2,quantum-ready,TLSv1.3,TLS_AES_256_GCM_SHA384,EC-secp256r1,256,True,89.2,1.0
diabetes.ascensia.com,first_party,14,modern-classical,TLSv1.2,ECDHE-ECDSA-AES128-GCM-SHA256,EC-secp256r1,256,False,73.8,6.0
digibyte-blockbook.twnodes.com,other_third_party,5,modern-classical,TLSv1.2,ECDHE-RSA-AES128-GCM-SHA256,RSA,,False,73.8,6.0
digital-assets.fitbit.com,first_party,6,modern-classical,TLSv1.3,TLS_AES_256_GCM_SHA384,RSA,,False,81.2,5.5
discord.com,first_party,2,quantum-ready,TLSv1.3,TLS_AES_256_GCM_SHA384,EC-secp256r1,256,True,89.2,1.0
discord.gg,first_party,2,quantum-ready,TLSv1.3,TLS_AES_256_GCM_SHA384,EC-secp256r1,256,True,89.2,1.0
discover-cdn.trustwallet.com,first_party,2,quantum-ready,TLSv1.3,TLS_AES_256_GCM_SHA384,EC-secp256r1,256,True,89.2,1.0
dls.di.atlas.samsung.com,other_third_party,9,modern-classical,TLSv1.3,TLS_AES_256_GCM_SHA384,RSA,,False,81.2,5.5
docs.asterdex.com,first_party,2,quantum-ready,TLSv1.3,TLS_AES_256_GCM_SHA384,EC-secp256r1,256,True,89.2,1.0
docs.dexscreener.com,first_party,2,quantum-ready,TLSv1.3,TLS_AES_256_GCM_SHA384,EC-secp256r1,256,True,89.2,1.0
docs.google.com,google_services,16,quantum-ready,TLSv1.3,TLS_AES_256_GCM_SHA384,EC-secp256r1,256,True,89.2,1.0
doctorshealthfund.com.au,first_party,0,quantum-ready,TLSv1.3,TLS_AES_128_GCM_SHA256,RSA,,True,89.2,1.0
doge-blockbook.twnodes.com,other_third_party,5,modern-classical,TLSv1.2,ECDHE-RSA-AES128-GCM-SHA256,RSA,,False,73.8,6.0
donate.mylifehouse.org.au,first_party,1,modern-classical,TLSv1.2,ECDHE-RSA-AES128-GCM-SHA256,RSA,,False,73.8,6.0
dosaapps.com,first_party,4,modern-classical,TLSv1.3,TLS_AES_128_GCM_SHA256,RSA,,False,81.2,5.5
driversnote.com,first_party,6,modern-classical,TLSv1.3,TLS_AES_256_GCM_SHA384,RSA,,False,81.2,5.5
droracle.ai,first_party,2,quantum-ready,TLSv1.3,TLS_AES_256_GCM_SHA384,EC-secp256r1,256,True,89.2,1.0
drugs.com,first_party,3,modern-classical,TLSv1.3,TLS_AES_256_GCM_SHA384,EC-secp256r1,256,False,81.2,5.5
ds.alipay.com,first_party,4,modern-classical,TLSv1.3,TLS_AES_128_GCM_SHA256,RSA,,False,81.2,5.5
duckduckgo.com,first_party,6,modern-classical,TLSv1.3,TLS_AES_256_GCM_SHA384,RSA,,False,81.2,5.5
duolaning.com,first_party,4,modern-classical,TLSv1.3,TLS_AES_128_GCM_SHA256,RSA,,False,81.2,5.5
e-audiologia.pl,first_party,-1,pqc-transitioning,TLSv1.2,ECDHE-RSA-AES256-SHA384,RSA,,False,73.8,6.0
easy-chair-yoga.7mfitness.com,first_party,2,quantum-ready,TLSv1.3,TLS_AES_256_GCM_SHA384,EC-secp256r1,256,True,89.2,1.0
easyfastapp.com,first_party,2,quantum-ready,TLSv1.3,TLS_AES_256_GCM_SHA384,EC-secp256r1,256,True,89.2,1.0
easypaisa.com.pk,first_party,0,quantum-ready,TLSv1.3,TLS_AES_128_GCM_SHA256,RSA,,True,89.2,1.0
egym.com,first_party,4,modern-classical,TLSv1.3,TLS_AES_128_GCM_SHA256,RSA,,False,81.2,5.5
ekohealth.com,first_party,2,quantum-ready,TLSv1.3,TLS_AES_256_GCM_SHA384,EC-secp256r1,256,True,89.2,1.0
emedici.com,first_party,2,quantum-ready,TLSv1.3,TLS_AES_256_GCM_SHA384,EC-secp256r1,256,True,89.2,1.0
emergencyprocedures.org,first_party,0,quantum-ready,TLSv1.3,TLS_AES_128_GCM_SHA256,RSA,,True,89.2,1.0
emoney.com.au,first_party,2,quantum-ready,TLSv1.3,TLS_AES_256_GCM_SHA384,EC-secp256r1,256,True,89.2,1.0
en.wikipedia.org,first_party,10,quantum-ready,TLSv1.3,TLS_AES_128_GCM_SHA256,EC-secp256r1,256,True,89.2,1.0
endel.io,first_party,0,quantum-ready,TLSv1.3,TLS_AES_128_GCM_SHA256,RSA,,True,89.2,1.0
endel.zendesk.com,first_party,2,quantum-ready,TLSv1.3,TLS_AES_256_GCM_SHA384,EC-secp256r1,256,True,89.2,1.0
enerjoy.life,first_party,0,quantum-ready,TLSv1.3,TLS_AES_128_GCM_SHA256,RSA,,True,89.2,1.0
epic.com,first_party,6,modern-classical,TLSv1.3,TLS_AES_256_GCM_SHA384,RSA,,False,81.2,5.5
ers.samsungcloud.com,other_third_party,-1,pqc-transitioning,TLSv1.3,TLS_AES_128_GCM_SHA256,RSA,,True,89.2,1.0
esternunion.com,first_party,3,modern-classical,TLSv1.3,TLS_AES_256_GCM_SHA384,EC-secp256r1,256,False,81.2,5.5
ethereum.twnodes.com,other_third_party,5,modern-classical,TLSv1.2,ECDHE-RSA-AES128-GCM-SHA256,RSA,,False,73.8,6.0
etoro.com,first_party,6,modern-classical,TLSv1.3,TLS_AES_256_GCM_SHA384,RSA,,False,81.2,5.5
eu-prod-api.mysugr.com,first_party,2,quantum-ready,TLSv1.3,TLS_AES_256_GCM_SHA384,EC-secp256r1,256,True,89.2,1.0
eu.reverse.health,first_party,2,quantum-ready,TLSv1.3,TLS_AES_256_GCM_SHA384,EC-secp256r1,256,True,89.2,1.0
eu1.clevertap-prod.com,first_party,0,quantum-ready,TLSv1.3,TLS_AES_128_GCM_SHA256,RSA,,True,89.2,1.0
eventfnt-eu.dsp-api.moloco.com,other_third_party,9,modern-classical,TLSv1.3,TLS_AES_256_GCM_SHA384,RSA,,False,81.2,5.5
everfit.io,first_party,1,modern-classical,TLSv1.2,ECDHE-RSA-AES128-GCM-SHA256,RSA,,False,73.8,6.0
everlab.com.au,first_party,2,quantum-ready,TLSv1.3,TLS_AES_256_GCM_SHA384,EC-secp256r1,256,True,89.2,1.0
evmos-api.twnodes.com,other_third_party,5,modern-classical,TLSv1.2,ECDHE-RSA-AES128-GCM-SHA256,RSA,,False,73.8,6.0
evmos-jsonrpc.twnodes.com,other_third_party,5,modern-classical,TLSv1.2,ECDHE-RSA-AES128-GCM-SHA256,RSA,,False,73.8,6.0
exceptions.coinbase.com,first_party,2,quantum-ready,TLSv1.3,TLS_AES_256_GCM_SHA384,EC-secp256r1,256,True,89.2,1.0
exodus.com,first_party,2,quantum-ready,TLSv1.3,TLS_AES_256_GCM_SHA384,EC-secp256r1,256,True,89.2,1.0
expressapisv2.net,other_third_party,9,modern-classical,TLSv1.3,TLS_AES_256_GCM_SHA384,RSA,,False,81.2,5.5
expressvpn.com,first_party,0,quantum-ready,TLSv1.3,TLS_AES_128_GCM_SHA256,RSA,,True,89.2,1.0
external-content.duckduckgo.com,first_party,6,modern-classical,TLSv1.3,TLS_AES_256_GCM_SHA384,RSA,,False,81.2,5.5
ezhealth.app,first_party,12,modern-classical,TLSv1.2,ECDHE-RSA-AES256-GCM-SHA384,RSA,,False,73.8,6.0
f94e4fb419b6.w.hcaptcha.com,other_third_party,7,quantum-ready,TLSv1.3,TLS_AES_256_GCM_SHA384,EC-secp256r1,256,True,89.2,1.0
facebook.com,social,7,quantum-ready,TLSv1.3,TLS_CHACHA20_POLY1305_SHA256,EC-secp256r1,256,True,89.2,1.0
fantom.twnodes.com,first_party,1,modern-classical,TLSv1.2,ECDHE-RSA-AES128-GCM-SHA256,RSA,,False,73.8,6.0
fatsecret.com,first_party,0,quantum-ready,TLSv1.3,TLS_AES_128_GCM_SHA256,RSA,,True,89.2,1.0
feedback-pa.googleapis.com,google_services,16,quantum-ready,TLSv1.3,TLS_AES_256_GCM_SHA384,EC-secp256r1,256,True,89.2,1.0
felinegrimacescale.com,first_party,4,modern-classical,TLSv1.3,TLS_AES_128_GCM_SHA256,RSA,,False,81.2,5.5
fernwoodfitness.com.au,first_party,6,modern-classical,TLSv1.3,TLS_CHACHA20_POLY1305_SHA256,RSA,,False,81.2,5.5
fftools1993.github.io,first_party,4,modern-classical,TLSv1.3,TLS_AES_128_GCM_SHA256,RSA,,False,81.2,5.5
filecoin.twnodes.com,other_third_party,5,modern-classical,TLSv1.2,ECDHE-RSA-AES128-GCM-SHA256,RSA,,False,73.8,6.0
files.coinmarketcap.com,first_party,0,quantum-ready,TLSv1.3,TLS_AES_128_GCM_SHA256,RSA,,True,89.2,1.0
files.libreview.io,first_party,2,quantum-ready,TLSv1.3,TLS_AES_256_GCM_SHA384,EC-secp256r1,256,True,89.2,1.0
finchcare.com,first_party,4,modern-classical,TLSv1.3,TLS_AES_128_GCM_SHA256,RSA,,False,81.2,5.5
fio.twnodes.com,other_third_party,5,modern-classical,TLSv1.2,ECDHE-RSA-AES128-GCM-SHA256,RSA,,False,73.8,6.0
firehawk.ai,first_party,4,modern-classical,TLSv1.3,TLS_AES_128_GCM_SHA256,RSA,,False,81.2,5.5
firo-blockbook.twnodes.com,other_third_party,5,modern-classical,TLSv1.2,ECDHE-RSA-AES128-GCM-SHA256,RSA,,False,73.8,6.0
firstaidkitsaustralia.com.au,first_party,2,quantum-ready,TLSv1.3,TLS_AES_256_GCM_SHA384,EC-secp256r1,256,True,89.2,1.0
fitbit-pa.googleapis.com,google_services,16,quantum-ready,TLSv1.3,TLS_AES_256_GCM_SHA384,EC-secp256r1,256,True,89.2,1.0
fitbit.com,first_party,6,modern-classical,TLSv1.3,TLS_AES_256_GCM_SHA384,RSA,,False,81.2,5.5
fitbitidentitylink-pa.googleapis.com,google_services,16,quantum-ready,TLSv1.3,TLS_AES_256_GCM_SHA384,EC-secp256r1,256,True,89.2,1.0
fitbitvestibuleshim-pa.googleapis.com,google_services,16,quantum-ready,TLSv1.3,TLS_AES_256_GCM_SHA384,EC-secp256r1,256,True,89.2,1.0
fitbod.me,first_party,2,quantum-ready,TLSv1.3,TLS_AES_256_GCM_SHA384,EC-secp256r1,256,True,89.2,1.0
fitcloud.hetangsmart.com,first_party,2,quantum-ready,TLSv1.3,TLS_AES_256_GCM_SHA384,EC-secp256r1,256,True,89.2,1.0
fitnesscartel.com.au,first_party,4,modern-classical,TLSv1.3,TLS_AES_128_GCM_SHA256,RSA,,False,81.2,5.5
fitonapp.com,first_party,1,modern-classical,TLSv1.2,ECDHE-RSA-AES128-GCM-SHA256,RSA,,False,73.8,6.0
flarebenefits.zendesk.com,first_party,2,quantum-ready,TLSv1.3,TLS_AES_256_GCM_SHA384,EC-secp256r1,256,True,89.2,1.0
flarehr.com,first_party,2,quantum-ready,TLSv1.3,TLS_AES_256_GCM_SHA384,EC-secp256r1,256,True,89.2,1.0
flo.health,first_party,2,quantum-ready,TLSv1.3,TLS_AES_256_GCM_SHA384,EC-secp256r1,256,True,89.2,1.0
fodmapfriendly.com,first_party,2,quantum-ready,TLSv1.3,TLS_AES_256_GCM_SHA384,EC-secp256r1,256,True,89.2,1.0
fodmate.app,first_party,4,modern-classical,TLSv1.3,TLS_AES_128_GCM_SHA256,RSA,,False,81.2,5.5
foodvisor.io,first_party,0,quantum-ready,TLSv1.3,TLS_AES_128_GCM_SHA256,RSA,,True,89.2,1.0
foodworks.online,first_party,6,modern-classical,TLSv1.3,TLS_AES_256_GCM_SHA384,RSA,,False,81.2,5.5
fphcare.com,first_party,2,quantum-ready,TLSv1.3,TLS_AES_256_GCM_SHA384,EC-secp256r1,256,True,89.2,1.0
freeadblockerbrowser.com,first_party,0,quantum-ready,TLSv1.3,TLS_AES_128_GCM_SHA256,RSA,,True,89.2,1.0
freeplanetvpn.com,first_party,2,quantum-ready,TLSv1.3,TLS_AES_256_GCM_SHA384,EC-secp256r1,256,True,89.2,1.0
freeprivacypolicy.com,first_party,2,quantum-ready,TLSv1.3,TLS_AES_256_GCM_SHA384,EC-secp256r1,256,True,89.2,1.0
freevpnplanet.com,first_party,2,quantum-ready,TLSv1.3,TLS_AES_256_GCM_SHA384,EC-secp256r1,256,True,89.2,1.0
frollo.com.au,first_party,11,quantum-ready,TLSv1.3,TLS_AES_256_GCM_SHA384,RSA,,True,89.2,1.0
fsradiology.com.au,first_party,6,modern-classical,TLSv1.3,TLS_AES_256_GCM_SHA384,RSA,,False,81.2,5.5
fullcodemedical.com,first_party,2,quantum-ready,TLSv1.3,TLS_AES_256_GCM_SHA384,EC-secp256r1,256,True,89.2,1.0
functions.smartpatient.eu,first_party,4,modern-classical,TLSv1.3,TLS_AES_128_GCM_SHA256,RSA,,False,81.2,5.5
fundingchoicesmessages.google.com,google_services,16,quantum-ready,TLSv1.3,TLS_AES_256_GCM_SHA384,EC-secp256r1,256,True,89.2,1.0
fundo.com.au,first_party,4,modern-classical,TLSv1.3,TLS_AES_128_GCM_SHA256,RSA,,False,81.2,5.5
fxloop.xyz,first_party,6,modern-classical,TLSv1.3,TLS_AES_256_GCM_SHA384,RSA,,False,81.2,5.5
fxtunnelvpn.blogspot.com,first_party,2,quantum-ready,TLSv1.3,TLS_AES_256_GCM_SHA384,EC-secp256r1,256,True,89.2,1.0
games.atlasreality.com,first_party,6,modern-classical,TLSv1.3,TLS_AES_256_GCM_SHA384,RSA,,False,81.2,5.5
gamincat.com,first_party,4,modern-classical,TLSv1.3,TLS_AES_128_GCM_SHA256,RSA,,False,81.2,5.5
gateway.trustwallet.com,first_party,2,quantum-ready,TLSv1.3,TLS_AES_256_GCM_SHA384,EC-secp256r1,256,True,89.2,1.0
gateway.unityads.unity3d.com,ads_analytics,8,modern-classical,TLSv1.3,TLS_AES_256_GCM_SHA384,RSA,,False,81.2,5.5
gateway.us.trustwallet.com,first_party,2,quantum-ready,TLSv1.3,TLS_AES_256_GCM_SHA384,EC-secp256r1,256,True,89.2,1.0
geocaching.com,first_party,13,modern-classical,TLSv1.3,TLS_AES_128_GCM_SHA256,EC-secp256r1,256,False,81.2,5.5
getbend.co,first_party,2,quantum-ready,TLSv1.3,TLS_AES_256_GCM_SHA384,EC-secp256r1,256,True,89.2,1.0
getgymbros.com,first_party,0,quantum-ready,TLSv1.3,TLS_AES_128_GCM_SHA256,RSA,,True,89.2,1.0
getmosh.com.au,first_party,0,quantum-ready,TLSv1.3,TLS_AES_128_GCM_SHA256,RSA,,True,89.2,1.0
getpaired.com,first_party,0,quantum-ready,TLSv1.3,TLS_AES_128_GCM_SHA256,RSA,,True,89.2,1.0
getscripty.app,first_party,2,quantum-ready,TLSv1.3,TLS_AES_256_GCM_SHA384,EC-secp256r1,256,True,89.2,1.0
getstorky.com,first_party,6,modern-classical,TLSv1.3,TLS_AES_256_GCM_SHA384,RSA,,False,81.2,5.5
gio.com.au,first_party,4,modern-classical,TLSv1.3,TLS_AES_128_GCM_SHA256,RSA,,False,81.2,5.5
gismart.com,first_party,0,quantum-ready,TLSv1.3,TLS_AES_128_GCM_SHA256,RSA,,True,89.2,1.0
github.com,first_party,13,modern-classical,TLSv1.3,TLS_AES_128_GCM_SHA256,EC-secp256r1,256,False,81.2,5.5
glofox.com,first_party,2,quantum-ready,TLSv1.3,TLS_AES_256_GCM_SHA384,EC-secp256r1,256,True,89.2,1.0
gmt.io,first_party,14,modern-classical,TLSv1.2,ECDHE-ECDSA-AES128-GCM-SHA256,EC-secp256r1,256,False,73.8,6.0
gnosis.twnodes.com,other_third_party,5,modern-classical,TLSv1.2,ECDHE-RSA-AES128-GCM-SHA256,RSA,,False,73.8,6.0
go.dental-monitoring.com,first_party,6,modern-classical,TLSv1.3,TLS_AES_256_GCM_SHA384,RSA,,False,81.2,5.5
gochain.twnodes.com,other_third_party,5,modern-classical,TLSv1.2,ECDHE-RSA-AES128-GCM-SHA256,RSA,,False,73.8,6.0
gofitify.com,first_party,2,quantum-ready,TLSv1.3,TLS_AES_256_GCM_SHA384,EC-secp256r1,256,True,89.2,1.0
gofundme.com,first_party,0,quantum-ready,TLSv1.3,TLS_AES_128_GCM_SHA256,RSA,,True,89.2,1.0
gomining.com,first_party,14,modern-classical,TLSv1.2,ECDHE-ECDSA-AES128-GCM-SHA256,EC-secp256r1,256,False,73.8,6.0
goodsamapp.org,first_party,4,modern-classical,TLSv1.3,TLS_AES_128_GCM_SHA256,RSA,,False,81.2,5.5
google.com,google_services,16,quantum-ready,TLSv1.3,TLS_AES_256_GCM_SHA384,EC-secp256r1,256,True,89.2,1.0
graphql.coinbase.com,first_party,2,quantum-ready,TLSv1.3,TLS_AES_256_GCM_SHA384,EC-secp256r1,256,True,89.2,1.0
gravl.ai,first_party,10,quantum-ready,TLSv1.3,TLS_AES_128_GCM_SHA256,EC-secp256r1,256,True,89.2,1.0
greater.com.au,first_party,2,quantum-ready,TLSv1.3,TLS_AES_256_GCM_SHA384,EC-secp256r1,256,True,89.2,1.0
greatsouthernbank.com.au,first_party,2,quantum-ready,TLSv1.3,TLS_AES_256_GCM_SHA384,EC-secp256r1,256,True,89.2,1.0
greenfield.twnodes.com,other_third_party,5,modern-classical,TLSv1.2,ECDHE-RSA-AES128-GCM-SHA256,RSA,,False,73.8,6.0
groestlcoin-blockbook.twnodes.com,other_third_party,5,modern-classical,TLSv1.2,ECDHE-RSA-AES128-GCM-SHA256,RSA,,False,73.8,6.0
guardianproject.info,first_party,6,modern-classical,TLSv1.3,TLS_AES_256_GCM_SHA384,RSA,,False,81.2,5.5
gymmaster.com,first_party,6,modern-classical,TLSv1.3,TLS_AES_256_GCM_SHA384,RSA,,False,81.2,5.5
halo.fitness,first_party,12,modern-classical,TLSv1.2,ECDHE-RSA-AES256-GCM-SHA384,RSA,,False,73.8,6.0
hapana.com,first_party,2,quantum-ready,TLSv1.3,TLS_AES_256_GCM_SHA384,EC-secp256r1,256,True,89.2,1.0
harmony.twnodes.com,other_third_party,5,modern-classical,TLSv1.2,ECDHE-RSA-AES128-GCM-SHA256,RSA,,False,73.8,6.0
harnafit.com,first_party,0,quantum-ready,TLSv1.3,TLS_AES_128_GCM_SHA256,RSA,,True,89.2,1.0
hbf.com.au,first_party,0,quantum-ready,TLSv1.3,TLS_AES_128_GCM_SHA256,RSA,,True,89.2,1.0
hceq7h8nrzfgbctetnwj95g8bte6nbu7.d.sardine.ai,other_third_party,9,modern-classical,TLSv1.3,TLS_AES_256_GCM_SHA384,RSA,,False,81.2,5.5
hdfcbank.com,first_party,11,quantum-ready,TLSv1.3,TLS_AES_256_GCM_SHA384,RSA,,True,89.2,1.0
headspace.com,first_party,0,quantum-ready,TLSv1.3,TLS_AES_128_GCM_SHA256,RSA,,True,89.2,1.0
health-hub.org.au,first_party,6,modern-classical,TLSv1.3,TLS_AES_256_GCM_SHA384,RSA,,False,81.2,5.5
health.act.gov.au,first_party,0,quantum-ready,TLSv1.3,TLS_AES_128_GCM_SHA256,RSA,,True,89.2,1.0
health.medm.com,first_party,1,modern-classical,TLSv1.2,ECDHE-RSA-AES128-GCM-SHA256,RSA,,False,73.8,6.0
health.qld.gov.au,first_party,2,quantum-ready,TLSv1.3,TLS_AES_256_GCM_SHA384,EC-secp256r1,256,True,89.2,1.0
health2sync.com,first_party,4,modern-classical,TLSv1.3,TLS_AES_128_GCM_SHA256,RSA,,False,81.2,5.5
healthapplines.com,first_party,6,modern-classical,TLSv1.3,TLS_AES_256_GCM_SHA384,RSA,,False,81.2,5.5
healthcast.app,first_party,2,quantum-ready,TLSv1.3,TLS_AES_256_GCM_SHA384,EC-secp256r1,256,True,89.2,1.0
healthengine.com.au,first_party,4,modern-classical,TLSv1.3,TLS_AES_128_GCM_SHA256,RSA,,False,81.2,5.5
heartrate.deepthought.industries,first_party,0,quantum-ready,TLSv1.3,TLS_AES_128_GCM_SHA256,RSA,,True,89.2,1.0
heartratepros.com,first_party,2,quantum-ready,TLSv1.3,TLS_AES_256_GCM_SHA384,EC-secp256r1,256,True,89.2,1.0
helloclue.com,first_party,0,quantum-ready,TLSv1.3,TLS_AES_128_GCM_SHA256,RSA,,True,89.2,1.0
hellostake.com,first_party,6,modern-classical,TLSv1.3,TLS_AES_256_GCM_SHA384,RSA,,False,81.2,5.5
help.coinstash.com.au,first_party,14,modern-classical,TLSv1.2,ECDHE-ECDSA-AES128-GCM-SHA256,EC-secp256r1,256,False,73.8,6.0
help.duckduckgo.com,first_party,6,modern-classical,TLSv1.3,TLS_AES_256_GCM_SHA384,RSA,,False,81.2,5.5
help.rosebud.app,first_party,0,quantum-ready,TLSv1.3,TLS_AES_128_GCM_SHA256,RSA,,True,89.2,1.0
help.runtastic.com,first_party,3,modern-classical,TLSv1.3,TLS_AES_256_GCM_SHA384,EC-secp256r1,256,False,81.2,5.5
help.yazio.com,first_party,11,quantum-ready,TLSv1.3,TLS_AES_256_GCM_SHA384,RSA,,True,89.2,1.0
help.yuka.io,first_party,6,modern-classical,TLSv1.3,TLS_AES_256_GCM_SHA384,RSA,,False,81.2,5.5
hesta.com.au,first_party,0,quantum-ready,TLSv1.3,TLS_AES_128_GCM_SHA256,RSA,,True,89.2,1.0
hevyapp.com,first_party,2,quantum-ready,TLSv1.3,TLS_AES_256_GCM_SHA384,EC-secp256r1,256,True,89.2,1.0
heykit.com.au,first_party,6,modern-classical,TLSv1.3,TLS_AES_256_GCM_SHA384,RSA,,False,81.2,5.5
hilo.com,first_party,0,quantum-ready,TLSv1.3,TLS_AES_128_GCM_SHA256,RSA,,True,89.2,1.0
hireup.com.au,first_party,0,quantum-ready,TLSv1.3,TLS_AES_128_GCM_SHA256,RSA,,True,89.2,1.0
hnry.com,first_party,1,modern-classical,TLSv1.2,ECDHE-RSA-AES128-GCM-SHA256,RSA,,False,73.8,6.0
hola.health,first_party,0,quantum-ready,TLSv1.3,TLS_AES_128_GCM_SHA256,RSA,,True,89.2,1.0
hoop.com,first_party,13,modern-classical,TLSv1.3,TLS_AES_128_GCM_SHA256,EC-secp256r1,256,False,81.2,5.5
hostplus.com.au,first_party,4,modern-classical,TLSv1.3,TLS_AES_128_GCM_SHA256,RSA,,False,81.2,5.5
hotdoc.com.au,first_party,4,modern-classical,TLSv1.3,TLS_AES_128_GCM_SHA256,RSA,,False,81.2,5.5
howwefeel.org,first_party,4,modern-classical,TLSv1.3,TLS_AES_128_GCM_SHA256,RSA,,False,81.2,5.5
hsbc.com.au,first_party,4,modern-classical,TLSv1.3,TLS_AES_128_GCM_SHA256,RSA,,False,81.2,5.5
htmlpreview.github.io,first_party,4,modern-classical,TLSv1.3,TLS_AES_128_GCM_SHA256,RSA,,False,81.2,5.5
humm90.com,first_party,0,quantum-ready,TLSv1.3,TLS_AES_128_GCM_SHA256,RSA,,True,89.2,1.0
hxtunnel.blogspot.com,first_party,2,quantum-ready,TLSv1.3,TLS_AES_256_GCM_SHA384,EC-secp256r1,256,True,89.2,1.0
hxtunnelweb.blogspot.com,first_party,2,quantum-ready,TLSv1.3,TLS_AES_256_GCM_SHA384,EC-secp256r1,256,True,89.2,1.0
i.televisionstats.com,other_third_party,9,modern-classical,TLSv1.3,TLS_AES_256_GCM_SHA384,RSA,,False,81.2,5.5
iamaffirmations.app,first_party,13,modern-classical,TLSv1.3,TLS_AES_128_GCM_SHA256,EC-secp256r1,256,False,81.2,5.5
ibkr.com,first_party,12,modern-classical,TLSv1.2,ECDHE-RSA-AES256-GCM-SHA384,RSA,,False,73.8,6.0
icg.citi.com,first_party,6,modern-classical,TLSv1.3,TLS_AES_256_GCM_SHA384,RSA,,False,81.2,5.5
icon.twnodes.com,first_party,1,modern-classical,TLSv1.2,ECDHE-RSA-AES128-GCM-SHA256,RSA,,False,73.8,6.0
image.tmdb.org,other_third_party,9,modern-classical,TLSv1.3,TLS_AES_256_GCM_SHA384,RSA,,False,81.2,5.5
imagingassociates.net.au,first_party,0,quantum-ready,TLSv1.3,TLS_AES_128_GCM_SHA256,RSA,,True,89.2,1.0
imagingqueensland.com.au,first_party,6,modern-classical,TLSv1.3,TLS_AES_256_GCM_SHA384,RSA,,False,81.2,5.5
imaios.com,first_party,0,quantum-ready,TLSv1.3,TLS_AES_128_GCM_SHA256,RSA,,True,89.2,1.0
imb.com.au,first_party,2,quantum-ready,TLSv1.3,TLS_AES_256_GCM_SHA384,EC-secp256r1,256,True,89.2,1.0
improving.duckduckgo.com,first_party,6,modern-classical,TLSv1.3,TLS_AES_256_GCM_SHA384,RSA,,False,81.2,5.5
inbody.com,first_party,6,modern-classical,TLSv1.3,TLS_AES_256_GCM_SHA384,RSA,,False,81.2,5.5
info.getgymbros.com,first_party,0,quantum-ready,TLSv1.3,TLS_AES_128_GCM_SHA256,RSA,,True,89.2,1.0
injective-api.twnodes.com,other_third_party,5,modern-classical,TLSv1.2,ECDHE-RSA-AES128-GCM-SHA256,RSA,,False,73.8,6.0
inshot.app,first_party,6,modern-classical,TLSv1.3,TLS_AES_256_GCM_SHA384,RSA,,False,81.2,5.5
inshot.cc,first_party,6,modern-classical,TLSv1.3,TLS_AES_256_GCM_SHA384,RSA,,False,81.2,5.5
insight.samsunghealth.com,first_party,0,quantum-ready,TLSv1.3,TLS_AES_128_GCM_SHA256,RSA,,True,89.2,1.0
insighttimer.com,first_party,4,modern-classical,TLSv1.3,TLS_AES_128_GCM_SHA256,RSA,,False,81.2,5.5
inslifeguard.com.au,first_party,4,modern-classical,TLSv1.3,TLS_AES_128_GCM_SHA256,RSA,,False,81.2,5.5
instabridge.com,first_party,2,quantum-ready,TLSv1.3,TLS_AES_256_GCM_SHA384,EC-secp256r1,256,True,89.2,1.0
instagram.com,social,7,quantum-ready,TLSv1.3,TLS_CHACHA20_POLY1305_SHA256,EC-secp256r1,256,True,89.2,1.0
instantconsult.com.au,first_party,2,quantum-ready,TLSv1.3,TLS_AES_256_GCM_SHA384,EC-secp256r1,256,True,89.2,1.0
instantscripts.com.au,first_party,2,quantum-ready,TLSv1.3,TLS_AES_256_GCM_SHA384,EC-secp256r1,256,True,89.2,1.0
integraldiagnostics.com.au,first_party,6,modern-classical,TLSv1.3,TLS_AES_256_GCM_SHA384,RSA,,False,81.2,5.5
interactivebrokers.com,first_party,12,modern-classical,TLSv1.2,ECDHE-RSA-AES256-GCM-SHA384,RSA,,False,73.8,6.0
intercom.help,first_party,4,modern-classical,TLSv1.3,TLS_AES_128_GCM_SHA256,RSA,,False,81.2,5.5
internetcomputer.twnodes.com,first_party,1,modern-classical,TLSv1.2,ECDHE-RSA-AES128-GCM-SHA256,RSA,,False,73.8,6.0
interpressurehub.blogspot.com,first_party,2,quantum-ready,TLSv1.3,TLS_AES_256_GCM_SHA384,EC-secp256r1,256,True,89.2,1.0
intvl.com.au,first_party,0,quantum-ready,TLSv1.3,TLS_AES_128_GCM_SHA256,RSA,,True,89.2,1.0
investing.com,first_party,2,quantum-ready,TLSv1.3,TLS_AES_256_GCM_SHA384,EC-secp256r1,256,True,89.2,1.0
invisalign.com,first_party,1,modern-classical,TLSv1.2,ECDHE-RSA-AES128-GCM-SHA256,RSA,,False,73.8,6.0
iotex-jsonrpc.twnodes.com,other_third_party,5,modern-classical,TLSv1.2,ECDHE-RSA-AES128-GCM-SHA256,RSA,,False,73.8,6.0
iotex.twnodes.com,other_third_party,5,modern-classical,TLSv1.2,ECDHE-RSA-AES128-GCM-SHA256,RSA,,False,73.8,6.0
irg.com.au,first_party,4,modern-classical,TLSv1.3,TLS_AES_128_GCM_SHA256,RSA,,False,81.2,5.5
isr.com.au,first_party,2,quantum-ready,TLSv1.3,TLS_AES_256_GCM_SHA384,EC-secp256r1,256,True,89.2,1.0
itiger.com,first_party,3,modern-classical,TLSv1.3,TLS_AES_256_GCM_SHA384,EC-secp256r1,256,False,81.2,5.5
itigerup.com,first_party,6,modern-classical,TLSv1.3,TLS_AES_256_GCM_SHA384,RSA,,False,81.2,5.5
ito-technologies.com,first_party,6,modern-classical,TLSv1.3,TLS_AES_256_GCM_SHA384,RSA,,False,81.2,5.5
iubenda.com,first_party,0,quantum-ready,TLSv1.3,TLS_AES_128_GCM_SHA256,RSA,,True,89.2,1.0
jacarandafinance.com.au,first_party,2,quantum-ready,TLSv1.3,TLS_AES_256_GCM_SHA384,EC-secp256r1,256,True,89.2,1.0
jazzcash.com.pk,first_party,2,quantum-ready,TLSv1.3,TLS_AES_256_GCM_SHA384,EC-secp256r1,256,True,89.2,1.0
jefit.com,first_party,12,modern-classical,TLSv1.2,ECDHE-RSA-AES256-GCM-SHA384,RSA,,False,73.8,6.0
jmir.org,first_party,4,modern-classical,TLSv1.3,TLS_AES_128_GCM_SHA256,RSA,,False,81.2,5.5
joinchargeback.com,first_party,0,quantum-ready,TLSv1.3,TLS_AES_128_GCM_SHA256,RSA,,True,89.2,1.0
js.hcaptcha.com,other_third_party,7,quantum-ready,TLSv1.3,TLS_AES_256_GCM_SHA384,EC-secp256r1,256,True,89.2,1.0
juggluco.nl,first_party,6,modern-classical,TLSv1.3,TLS_AES_256_GCM_SHA384,RSA,,False,81.2,5.5
jumpjump.io,first_party,2,quantum-ready,TLSv1.3,TLS_AES_256_GCM_SHA384,EC-secp256r1,256,True,89.2,1.0
juno-api.twnodes.com,other_third_party,5,modern-classical,TLSv1.2,ECDHE-RSA-AES128-GCM-SHA256,RSA,,False,73.8,6.0
jupiterhealthservices.com.au,first_party,12,modern-classical,TLSv1.2,ECDHE-RSA-AES256-GCM-SHA384,RSA,,False,73.8,6.0
kava-evm.twnodes.com,other_third_party,5,modern-classical,TLSv1.2,ECDHE-RSA-AES128-GCM-SHA256,RSA,,False,73.8,6.0
kava.twnodes.com,other_third_party,5,modern-classical,TLSv1.2,ECDHE-RSA-AES128-GCM-SHA256,RSA,,False,73.8,6.0
kcc.twnodes.com,other_third_party,5,modern-classical,TLSv1.2,ECDHE-RSA-AES128-GCM-SHA256,RSA,,False,73.8,6.0
kenhub.com,first_party,1,modern-classical,TLSv1.2,ECDHE-RSA-AES128-GCM-SHA256,RSA,,False,73.8,6.0
kigelapps.com,first_party,4,modern-classical,TLSv1.3,TLS_AES_128_GCM_SHA256,RSA,,False,81.2,5.5
kiwibank.co.nz,first_party,3,modern-classical,TLSv1.3,TLS_AES_256_GCM_SHA384,EC-secp256r1,256,False,81.2,5.5
klaytn.twnodes.com,other_third_party,5,modern-classical,TLSv1.2,ECDHE-RSA-AES128-GCM-SHA256,RSA,,False,73.8,6.0
komoot.com,first_party,0,quantum-ready,TLSv1.3,TLS_AES_128_GCM_SHA256,RSA,,True,89.2,1.0
kraken.com,first_party,2,quantum-ready,TLSv1.3,TLS_AES_256_GCM_SHA384,EC-secp256r1,256,True,89.2,1.0
ks10userportal.com,first_party,11,quantum-ready,TLSv1.3,TLS_AES_256_GCM_SHA384,RSA,,True,89.2,1.0
kttipay.com,first_party,2,quantum-ready,TLSv1.3,TLS_AES_256_GCM_SHA384,EC-secp256r1,256,True,89.2,1.0
kucoin.com,first_party,0,quantum-ready,TLSv1.3,TLS_AES_128_GCM_SHA256,RSA,,True,89.2,1.0
kusama.twnodes.com,other_third_party,5,modern-classical,TLSv1.2,ECDHE-RSA-AES128-GCM-SHA256,RSA,,False,73.8,6.0
lacevo.com,first_party,2,quantum-ready,TLSv1.3,TLS_AES_256_GCM_SHA384,EC-secp256r1,256,True,89.2,1.0
lacevo.us,first_party,2,quantum-ready,TLSv1.3,TLS_AES_256_GCM_SHA384,EC-secp256r1,256,True,89.2,1.0
lakeimaging.com.au,first_party,6,modern-classical,TLSv1.3,TLS_AES_256_GCM_SHA384,RSA,,False,81.2,5.5
landing.computershare.com,first_party,4,modern-classical,TLSv1.3,TLS_AES_128_GCM_SHA256,RSA,,False,81.2,5.5
lasta.app,first_party,2,quantum-ready,TLSv1.3,TLS_AES_256_GCM_SHA384,EC-secp256r1,256,True,89.2,1.0
latitudefinancial.com.au,first_party,4,modern-classical,TLSv1.3,TLS_AES_128_GCM_SHA256,RSA,,False,81.2,5.5
learn.bybit.com,first_party,3,modern-classical,TLSv1.3,TLS_AES_256_GCM_SHA384,EC-secp256r1,256,False,81.2,5.5
ledger.com,first_party,2,quantum-ready,TLSv1.3,TLS_AES_256_GCM_SHA384,EC-secp256r1,256,True,89.2,1.0
legal.atlasreality.com,first_party,2,quantum-ready,TLSv1.3,TLS_AES_256_GCM_SHA384,EC-secp256r1,256,True,89.2,1.0
legal.consensys.io,first_party,2,quantum-ready,TLSv1.3,TLS_AES_256_GCM_SHA384,EC-secp256r1,256,True,89.2,1.0
legal.mysugr.com,first_party,0,quantum-ready,TLSv1.3,TLS_AES_128_GCM_SHA256,RSA,,True,89.2,1.0
legal.mytherapyapp.com,first_party,4,modern-classical,TLSv1.3,TLS_AES_128_GCM_SHA256,RSA,,False,81.2,5.5
legal.walkfit.pro,first_party,0,quantum-ready,TLSv1.3,TLS_AES_128_GCM_SHA256,RSA,,True,89.2,1.0
legal.walkfit.welltech.com,first_party,0,quantum-ready,TLSv1.3,TLS_AES_128_GCM_SHA256,RSA,,True,89.2,1.0
legal.yahoo.com,first_party,13,modern-classical,TLSv1.3,TLS_AES_128_GCM_SHA256,EC-secp256r1,256,False,81.2,5.5
lendi.com.au,first_party,0,quantum-ready,TLSv1.3,TLS_AES_128_GCM_SHA256,RSA,,True,89.2,1.0
lfconnect.com,first_party,12,modern-classical,TLSv1.2,ECDHE-RSA-AES256-GCM-SHA384,RSA,,False,73.8,6.0
librelinkup.com,first_party,2,quantum-ready,TLSv1.3,TLS_AES_256_GCM_SHA384,EC-secp256r1,256,True,89.2,1.0
licenses44.wixstudio.com,first_party,6,modern-classical,TLSv1.3,TLS_AES_256_GCM_SHA384,RSA,,False,81.2,5.5
life-content.idoocloud.com,first_party,4,modern-classical,TLSv1.3,TLS_AES_128_GCM_SHA256,RSA,,False,81.2,5.5
lifeblood.com.au,first_party,4,modern-classical,TLSv1.3,TLS_AES_128_GCM_SHA256,RSA,,False,81.2,5.5
lifeline.org.au,first_party,2,quantum-ready,TLSv1.3,TLS_AES_256_GCM_SHA384,EC-secp256r1,256,True,89.2,1.0
lifesum.com,first_party,0,quantum-ready,TLSv1.3,TLS_AES_128_GCM_SHA256,RSA,,True,89.2,1.0
linea.twnodes.com,other_third_party,5,modern-classical,TLSv1.2,ECDHE-RSA-AES128-GCM-SHA256,RSA,,False,73.8,6.0
linkedin.com,social,9,modern-classical,TLSv1.3,TLS_AES_256_GCM_SHA384,RSA,,False,81.2,5.5
links.duckduckgo.com,first_party,6,modern-classical,TLSv1.3,TLS_AES_256_GCM_SHA384,RSA,,False,81.2,5.5
litecoin-blockbook.twnodes.com,other_third_party,5,modern-classical,TLSv1.2,ECDHE-RSA-AES128-GCM-SHA256,RSA,,False,73.8,6.0
live-sign.com,first_party,2,quantum-ready,TLSv1.3,TLS_AES_256_GCM_SHA384,EC-secp256r1,256,True,89.2,1.0
livelycycle.com,first_party,0,quantum-ready,TLSv1.3,TLS_AES_128_GCM_SHA256,RSA,,True,89.2,1.0
loewensteinmedical.com,first_party,6,modern-classical,TLSv1.3,TLS_AES_256_GCM_SHA384,RSA,,False,81.2,5.5
login.coinbase.com,first_party,2,quantum-ready,TLSv1.3,TLS_AES_256_GCM_SHA384,EC-secp256r1,256,True,89.2,1.0
loseit.com,first_party,2,quantum-ready,TLSv1.3,TLS_AES_256_GCM_SHA384,EC-secp256r1,256,True,89.2,1.0
lumenategrowth.com,first_party,2,quantum-ready,TLSv1.3,TLS_AES_256_GCM_SHA384,EC-secp256r1,256,True,89.2,1.0
lumos.mobi,first_party,0,quantum-ready,TLSv1.3,TLS_AES_128_GCM_SHA256,RSA,,True,89.2,1.0
luna.io,first_party,6,modern-classical,TLSv1.3,TLS_AES_256_GCM_SHA384,RSA,,False,81.2,5.5
lyfta.app,first_party,0,quantum-ready,TLSv1.3,TLS_AES_128_GCM_SHA256,RSA,,True,89.2,1.0
m.dana.id,first_party,6,modern-classical,TLSv1.3,TLS_AES_256_GCM_SHA384,RSA,,False,81.2,5.5
mable.com.au,first_party,2,quantum-ready,TLSv1.3,TLS_AES_256_GCM_SHA384,EC-secp256r1,256,True,89.2,1.0
macquarie.com,first_party,1,modern-classical,TLSv1.2,ECDHE-RSA-AES128-GCM-SHA256,RSA,,False,73.8,6.0
macquarie.com.au,first_party,1,modern-classical,TLSv1.2,ECDHE-RSA-AES128-GCM-SHA256,RSA,,False,73.8,6.0
macrofactorapp.com,first_party,2,quantum-ready,TLSv1.3,TLS_AES_256_GCM_SHA384,EC-secp256r1,256,True,89.2,1.0
madmuscles.com,first_party,0,quantum-ready,TLSv1.3,TLS_AES_128_GCM_SHA256,RSA,,True,89.2,1.0
magentus.com,first_party,2,quantum-ready,TLSv1.3,TLS_AES_256_GCM_SHA384,EC-secp256r1,256,True,89.2,1.0
malwarebytes.com,first_party,3,modern-classical,TLSv1.3,TLS_AES_256_GCM_SHA384,EC-secp256r1,256,False,81.2,5.5
manta.twnodes.com,first_party,1,modern-classical,TLSv1.2,ECDHE-RSA-AES128-GCM-SHA256,RSA,,False,73.8,6.0
mantle.twnodes.com,first_party,1,modern-classical,TLSv1.2,ECDHE-RSA-AES128-GCM-SHA256,RSA,,False,73.8,6.0
mapmywalk.com,first_party,0,quantum-ready,TLSv1.3,TLS_AES_128_GCM_SHA256,RSA,,True,89.2,1.0
masterremit.com,first_party,2,quantum-ready,TLSv1.3,TLS_AES_256_GCM_SHA384,EC-secp256r1,256,True,89.2,1.0
mate.matrixmobile.net,first_party,6,modern-classical,TLSv1.3,TLS_AES_256_GCM_SHA384,RSA,,False,81.2,5.5
maxxia.com.au,first_party,2,quantum-ready,TLSv1.3,TLS_AES_256_GCM_SHA384,EC-secp256r1,256,True,89.2,1.0
mcafee.com,first_party,1,modern-classical,TLSv1.2,ECDHE-RSA-AES128-GCM-SHA256,RSA,,False,73.8,6.0
mdcalc.com,first_party,2,quantum-ready,TLSv1.3,TLS_AES_256_GCM_SHA384,EC-secp256r1,256,True,89.2,1.0
mebank.com.au,first_party,3,modern-classical,TLSv1.3,TLS_AES_256_GCM_SHA384,EC-secp256r1,256,False,81.2,5.5
medadvisor.com.au,first_party,1,modern-classical,TLSv1.2,ECDHE-RSA-AES128-GCM-SHA256,RSA,,False,73.8,6.0
medcanaustralia.com.au,first_party,2,quantum-ready,TLSv1.3,TLS_AES_256_GCM_SHA384,EC-secp256r1,256,True,89.2,1.0
medela.com,first_party,6,modern-classical,TLSv1.3,TLS_AES_256_GCM_SHA384,RSA,,False,81.2,5.5
medibank.com.au,first_party,4,modern-classical,TLSv1.3,TLS_AES_128_GCM_SHA256,RSA,,False,81.2,5.5
medicaapp.com,first_party,12,modern-classical,TLSv1.2,ECDHE-RSA-AES256-GCM-SHA384,RSA,,False,73.8,6.0
medium.com,first_party,2,quantum-ready,TLSv1.3,TLS_AES_256_GCM_SHA384,EC-secp256r1,256,True,89.2,1.0
medm.com,first_party,1,modern-classical,TLSv1.2,ECDHE-RSA-AES128-GCM-SHA256,RSA,,False,73.8,6.0
megaeth.twnodes.com,other_third_party,5,modern-classical,TLSv1.2,ECDHE-RSA-AES128-GCM-SHA256,RSA,,False,73.8,6.0
mejorai.com,first_party,0,quantum-ready,TLSv1.3,TLS_AES_128_GCM_SHA256,RSA,,True,89.2,1.0
members.medibank.com.au,first_party,0,quantum-ready,TLSv1.3,TLS_AES_128_GCM_SHA256,RSA,,True,89.2,1.0
mercersuper.com.au,first_party,4,modern-classical,TLSv1.3,TLS_AES_128_GCM_SHA256,RSA,,False,81.2,5.5
merlin.twnodes.com,other_third_party,5,modern-classical,TLSv1.2,ECDHE-RSA-AES128-GCM-SHA256,RSA,,False,73.8,6.0
meta.wikimedia.org,other_third_party,-1,pqc-transitioning,TLSv1.3,TLS_AES_128_GCM_SHA256,EC-secp256r1,256,True,89.2,1.0
metaoptima.com,first_party,0,quantum-ready,TLSv1.3,TLS_AES_128_GCM_SHA256,RSA,,True,89.2,1.0
metaquotes.net,first_party,3,modern-classical,TLSv1.3,TLS_AES_256_GCM_SHA384,EC-secp256r1,256,False,81.2,5.5
metis.twnodes.com,other_third_party,5,modern-classical,TLSv1.2,ECDHE-RSA-AES128-GCM-SHA256,RSA,,False,73.8,6.0
mexc.com,first_party,4,modern-classical,TLSv1.3,TLS_AES_128_GCM_SHA256,RSA,,False,81.2,5.5
mhealth.jmir.org,first_party,4,modern-classical,TLSv1.3,TLS_AES_128_GCM_SHA256,RSA,,False,81.2,5.5
midoc.com.au,first_party,4,modern-classical,TLSv1.3,TLS_AES_128_GCM_SHA256,RSA,,False,81.2,5.5
migrainebuddy.com,first_party,6,modern-classical,TLSv1.3,TLS_AES_256_GCM_SHA384,RSA,,False,81.2,5.5
mims.com,first_party,2,quantum-ready,TLSv1.3,TLS_AES_256_GCM_SHA384,EC-secp256r1,256,True,89.2,1.0
mind-diagnostics.org,first_party,2,quantum-ready,TLSv1.3,TLS_AES_256_GCM_SHA384,EC-secp256r1,256,True,89.2,1.0
mindbody.io,first_party,0,quantum-ready,TLSv1.3,TLS_AES_128_GCM_SHA256,RSA,,True,89.2,1.0
mitrade.com,first_party,0,quantum-ready,TLSv1.3,TLS_AES_128_GCM_SHA256,RSA,,True,89.2,1.0
mobile.alipay.com,first_party,6,modern-classical,TLSv1.3,TLS_AES_256_GCM_SHA384,RSA,,False,81.2,5.5
mobile.launchdarkly.com,other_third_party,-1,pqc-transitioning,TLSv1.2,ECDHE-ECDSA-AES128-GCM-SHA256,EC-secp256r1,256,False,73.8,6.0
mobile.yahoo.com,first_party,13,modern-classical,TLSv1.3,TLS_AES_128_GCM_SHA256,EC-secp256r1,256,False,81.2,5.5
modelderm.com,first_party,0,quantum-ready,TLSv1.3,TLS_AES_128_GCM_SHA256,RSA,,True,89.2,1.0
molescope.com,first_party,6,modern-classical,TLSv1.3,TLS_AES_256_GCM_SHA384,RSA,,False,81.2,5.5
momence.com,first_party,2,quantum-ready,TLSv1.3,TLS_AES_256_GCM_SHA384,EC-secp256r1,256,True,89.2,1.0
monad.twnodes.com,first_party,1,modern-classical,TLSv1.2,ECDHE-RSA-AES128-GCM-SHA256,RSA,,False,73.8,6.0
money.quhou123.com,first_party,1,modern-classical,TLSv1.2,ECDHE-RSA-AES128-GCM-SHA256,RSA,,False,73.8,6.0
moneygram.com,first_party,11,quantum-ready,TLSv1.3,TLS_AES_256_GCM_SHA384,RSA,,True,89.2,1.0
moneyme.com.au,first_party,6,modern-classical,TLSv1.3,TLS_AES_256_GCM_SHA384,RSA,,False,81.2,5.5
moneyspot.com.au,first_party,2,quantum-ready,TLSv1.3,TLS_AES_256_GCM_SHA384,EC-secp256r1,256,True,89.2,1.0
monkeytaps.net,first_party,13,modern-classical,TLSv1.3,TLS_AES_128_GCM_SHA256,EC-secp256r1,256,False,81.2,5.5
monzo.com,first_party,0,quantum-ready,TLSv1.3,TLS_AES_128_GCM_SHA256,RSA,,True,89.2,1.0
moodtools.org,first_party,4,modern-classical,TLSv1.3,TLS_AES_128_GCM_SHA256,RSA,,False,81.2,5.5
moomoo.com,first_party,6,modern-classical,TLSv1.3,TLS_AES_256_GCM_SHA384,RSA,,False,81.2,5.5
moonbeam.twnodes.com,other_third_party,5,modern-classical,TLSv1.2,ECDHE-RSA-AES128-GCM-SHA256,RSA,,False,73.8,6.0
moonpay.com,first_party,2,quantum-ready,TLSv1.3,TLS_AES_256_GCM_SHA384,EC-secp256r1,256,True,89.2,1.0
moonriver.twnodes.com,other_third_party,5,modern-classical,TLSv1.2,ECDHE-RSA-AES128-GCM-SHA256,RSA,,False,73.8,6.0
motivation.app,first_party,13,modern-classical,TLSv1.3,TLS_AES_128_GCM_SHA256,EC-secp256r1,256,False,81.2,5.5
mtmworkz.blogspot.com,first_party,2,quantum-ready,TLSv1.3,TLS_AES_256_GCM_SHA384,EC-secp256r1,256,True,89.2,1.0
multibankfx.com,first_party,2,quantum-ready,TLSv1.3,TLS_AES_256_GCM_SHA384,EC-secp256r1,256,True,89.2,1.0
multiversx-api.twnodes.com,other_third_party,5,modern-classical,TLSv1.2,ECDHE-RSA-AES128-GCM-SHA256,RSA,,False,73.8,6.0
musclecharge.app,first_party,2,quantum-ready,TLSv1.3,TLS_AES_256_GCM_SHA384,EC-secp256r1,256,True,89.2,1.0
mxlabs.ai,first_party,6,modern-classical,TLSv1.3,TLS_AES_256_GCM_SHA384,RSA,,False,81.2,5.5
mxtunnelprovpn.blogspot.com,first_party,2,quantum-ready,TLSv1.3,TLS_AES_256_GCM_SHA384,EC-secp256r1,256,True,89.2,1.0
mxtunnelvpn.blogspot.com,first_party,2,quantum-ready,TLSv1.3,TLS_AES_256_GCM_SHA384,EC-secp256r1,256,True,89.2,1.0
my.bodyfast.app,first_party,4,modern-classical,TLSv1.3,TLS_AES_128_GCM_SHA256,RSA,,False,81.2,5.5
my.donateblood.com.au,first_party,6,modern-classical,TLSv1.3,TLS_CHACHA20_POLY1305_SHA256,RSA,,False,81.2,5.5
my.hesta.com.au,first_party,0,quantum-ready,TLSv1.3,TLS_AES_128_GCM_SHA256,RSA,,True,89.2,1.0
my.nordaccount.com,first_party,11,quantum-ready,TLSv1.3,TLS_AES_256_GCM_SHA384,RSA,,True,89.2,1.0
my.prismacloud.com,first_party,4,modern-classical,TLSv1.3,TLS_AES_128_GCM_SHA256,RSA,,False,81.2,5.5
myair.resmed.com,first_party,0,quantum-ready,TLSv1.3,TLS_AES_128_GCM_SHA256,RSA,,True,89.2,1.0
myfitnesspal.com,first_party,2,quantum-ready,TLSv1.3,TLS_AES_256_GCM_SHA384,EC-secp256r1,256,True,89.2,1.0
myjuniper.com,first_party,2,quantum-ready,TLSv1.3,TLS_AES_256_GCM_SHA384,EC-secp256r1,256,True,89.2,1.0
mylife-diabetescare.com,first_party,3,modern-classical,TLSv1.3,TLS_AES_256_GCM_SHA384,EC-secp256r1,256,False,81.2,5.5
mylife-software.net,first_party,12,modern-classical,TLSv1.2,ECDHE-RSA-AES256-GCM-SHA384,RSA,,False,73.8,6.0
mylifehouse.org.au,first_party,0,quantum-ready,TLSv1.3,TLS_AES_128_GCM_SHA256,RSA,,True,89.2,1.0
mymedadvisor.com,first_party,0,quantum-ready,TLSv1.3,TLS_AES_128_GCM_SHA256,RSA,,True,89.2,1.0
mypaynow.com.au,first_party,6,modern-classical,TLSv1.3,TLS_AES_256_GCM_SHA384,RSA,,False,81.2,5.5
mystate.com.au,first_party,0,quantum-ready,TLSv1.3,TLS_AES_128_GCM_SHA256,RSA,,True,89.2,1.0
mysugr.com,first_party,0,quantum-ready,TLSv1.3,TLS_AES_128_GCM_SHA256,RSA,,True,89.2,1.0
mytherapyapp.com,first_party,13,modern-classical,TLSv1.3,TLS_AES_128_GCM_SHA256,EC-secp256r1,256,False,81.2,5.5
mywellness.com,first_party,4,modern-classical,TLSv1.3,TLS_AES_128_GCM_SHA256,RSA,,False,81.2,5.5
myzeller.com,first_party,0,quantum-ready,TLSv1.3,TLS_AES_128_GCM_SHA256,RSA,,True,89.2,1.0
myzone.org,first_party,2,quantum-ready,TLSv1.3,TLS_AES_256_GCM_SHA384,EC-secp256r1,256,True,89.2,1.0
myzonemoves.com,first_party,12,modern-classical,TLSv1.2,ECDHE-RSA-AES256-GCM-SHA384,RSA,,False,73.8,6.0
nab.com.au,first_party,6,modern-classical,TLSv1.3,TLS_AES_256_GCM_SHA384,RSA,,False,81.2,5.5
nabtrade.com.au,first_party,1,modern-classical,TLSv1.2,ECDHE-RSA-AES128-GCM-SHA256,RSA,,False,73.8,6.0
nano.twnodes.com,other_third_party,5,modern-classical,TLSv1.2,ECDHE-RSA-AES128-GCM-SHA256,RSA,,False,73.8,6.0
naturalcycles.com,first_party,4,modern-classical,TLSv1.3,TLS_AES_128_GCM_SHA256,RSA,,False,81.2,5.5
near.twnodes.com,other_third_party,5,modern-classical,TLSv1.2,ECDHE-RSA-AES128-GCM-SHA256,RSA,,False,73.8,6.0
nebulas.twnodes.com,other_third_party,5,modern-classical,TLSv1.2,ECDHE-RSA-AES128-GCM-SHA256,RSA,,False,73.8,6.0
neon.twnodes.com,other_third_party,5,modern-classical,TLSv1.2,ECDHE-RSA-AES128-GCM-SHA256,RSA,,False,73.8,6.0
neutron-api.twnodes.com,other_third_party,5,modern-classical,TLSv1.2,ECDHE-RSA-AES128-GCM-SHA256,RSA,,False,73.8,6.0
new.gcash.com,first_party,2,quantum-ready,TLSv1.3,TLS_AES_256_GCM_SHA384,EC-secp256r1,256,True,89.2,1.0
newassets.hcaptcha.com,other_third_party,7,quantum-ready,TLSv1.3,TLS_AES_256_GCM_SHA384,EC-secp256r1,256,True,89.2,1.0
newcastlepermanent.com.au,first_party,2,quantum-ready,TLSv1.3,TLS_AES_256_GCM_SHA384,EC-secp256r1,256,True,89.2,1.0
nexo.com,first_party,2,quantum-ready,TLSv1.3,TLS_AES_256_GCM_SHA384,EC-secp256r1,256,True,89.2,1.0
nib.com.au,first_party,2,quantum-ready,TLSv1.3,TLS_AES_256_GCM_SHA384,EC-secp256r1,256,True,89.2,1.0
nike.com,first_party,0,quantum-ready,TLSv1.3,TLS_AES_128_GCM_SHA256,RSA,,True,89.2,1.0
nimiq.twnodes.com,other_third_party,5,modern-classical,TLSv1.2,ECDHE-RSA-AES128-GCM-SHA256,RSA,,False,73.8,6.0
nims.nadra.gov.pk,first_party,3,modern-classical,TLSv1.3,TLS_AES_256_GCM_SHA384,EC-secp256r1,256,False,81.2,5.5
nordvpn.com,first_party,11,quantum-ready,TLSv1.3,TLS_AES_256_GCM_SHA384,RSA,,True,89.2,1.0
norton.com,first_party,6,modern-classical,TLSv1.3,TLS_AES_256_GCM_SHA384,RSA,,False,81.2,5.5
nortonlifelock.com,first_party,6,modern-classical,TLSv1.3,TLS_AES_256_GCM_SHA384,RSA,,False,81.2,5.5
nrma.com.au,first_party,3,modern-classical,TLSv1.3,TLS_AES_256_GCM_SHA384,EC-secp256r1,256,False,81.2,5.5
nuance.com,first_party,12,modern-classical,TLSv1.2,ECDHE-RSA-AES256-GCM-SHA384,RSA,,False,73.8,6.0
nucleussmartapp.com,first_party,1,modern-classical,TLSv1.2,ECDHE-RSA-AES128-GCM-SHA256,RSA,,False,73.8,6.0
o4505488382492672.ingest.us.sentry.io,ads_analytics,8,modern-classical,TLSv1.3,TLS_AES_256_GCM_SHA384,RSA,,False,81.2,5.5
o4507686279512064.ingest.us.sentry.io,ads_analytics,8,modern-classical,TLSv1.3,TLS_AES_256_GCM_SHA384,RSA,,False,81.2,5.5
oceanstooutback.org.au,first_party,6,modern-classical,TLSv1.3,TLS_AES_256_GCM_SHA384,RSA,,False,81.2,5.5
octopus.com.hk,first_party,6,modern-classical,TLSv1.3,TLS_AES_256_GCM_SHA384,RSA,,False,81.2,5.5
offers.wemoney.com.au,first_party,0,quantum-ready,TLSv1.3,TLS_AES_128_GCM_SHA256,RSA,,True,89.2,1.0
okx.com,first_party,4,modern-classical,TLSv1.3,TLS_AES_128_GCM_SHA256,RSA,,False,81.2,5.5
omronconnect.com,first_party,1,modern-classical,TLSv1.2,ECDHE-RSA-AES128-GCM-SHA256,RSA,,False,73.8,6.0
onefootforward.org.au,first_party,6,modern-classical,TLSv1.3,TLS_AES_256_GCM_SHA384,RSA,,False,81.2,5.5
onepeloton.com,first_party,0,quantum-ready,TLSv1.3,TLS_AES_128_GCM_SHA256,RSA,,True,89.2,1.0
ontology.twnodes.com,other_third_party,5,modern-classical,TLSv1.2,ECDHE-RSA-AES128-GCM-SHA256,RSA,,False,73.8,6.0
opbnb.twnodes.com,other_third_party,5,modern-classical,TLSv1.2,ECDHE-RSA-AES128-GCM-SHA256,RSA,,False,73.8,6.0
opendatacommons.org,first_party,2,quantum-ready,TLSv1.3,TLS_AES_256_GCM_SHA384,EC-secp256r1,256,True,89.2,1.0
openevidence.com,first_party,0,quantum-ready,TLSv1.3,TLS_AES_128_GCM_SHA256,RSA,,True,89.2,1.0
openfoodfacts.org,first_party,6,modern-classical,TLSv1.3,TLS_AES_256_GCM_SHA384,RSA,,False,81.2,5.5
opera.com,first_party,13,modern-classical,TLSv1.3,TLS_AES_128_GCM_SHA256,EC-secp256r1,256,False,81.2,5.5
optimism.twnodes.com,other_third_party,5,modern-classical,TLSv1.2,ECDHE-RSA-AES128-GCM-SHA256,RSA,,False,73.8,6.0
orbitremit.com,first_party,2,quantum-ready,TLSv1.3,TLS_AES_256_GCM_SHA384,EC-secp256r1,256,True,89.2,1.0
orbot.app,first_party,4,modern-classical,TLSv1.3,TLS_AES_128_GCM_SHA256,RSA,,False,81.2,5.5
osmosis-lcd.twnodes.com,other_third_party,5,modern-classical,TLSv1.2,ECDHE-RSA-AES128-GCM-SHA256,RSA,,False,73.8,6.0
oss.xtrendspeed.com,first_party,2,quantum-ready,TLSv1.3,TLS_AES_256_GCM_SHA384,EC-secp256r1,256,True,89.2,1.0
oticon.global,first_party,0,quantum-ready,TLSv1.3,TLS_AES_128_GCM_SHA256,RSA,,True,89.2,1.0
otitismediaguidelines.com,first_party,6,modern-classical,TLSv1.3,TLS_AES_256_GCM_SHA384,RSA,,False,81.2,5.5
oursage.com.au,first_party,0,quantum-ready,TLSv1.3,TLS_AES_128_GCM_SHA256,RSA,,True,89.2,1.0
outsideinc.com,first_party,4,modern-classical,TLSv1.3,TLS_AES_128_GCM_SHA256,RSA,,False,81.2,5.5
p.cb-device-intelligence.com,first_party,13,modern-classical,TLSv1.3,TLS_AES_128_GCM_SHA256,EC-secp256r1,256,False,81.2,5.5
p.pandaremit.com,first_party,1,modern-classical,TLSv1.2,ECDHE-RSA-AES128-GCM-SHA256,RSA,,False,73.8,6.0
p.sardine.ai,other_third_party,-1,pqc-transitioning,TLSv1.3,TLS_AES_128_GCM_SHA256,EC-secp256r1,256,False,81.2,5.5
packapill.com,first_party,6,modern-classical,TLSv1.3,TLS_CHACHA20_POLY1305_SHA256,RSA,,False,81.2,5.5
paired.com,first_party,0,quantum-ready,TLSv1.3,TLS_AES_128_GCM_SHA256,RSA,,True,89.2,1.0
pandaremit.com,first_party,1,modern-classical,TLSv1.2,ECDHE-RSA-AES128-GCM-SHA256,RSA,,False,73.8,6.0
patient.garranmedicalimaging.com.au,first_party,6,modern-classical,TLSv1.3,TLS_AES_256_GCM_SHA384,RSA,,False,81.2,5.5
patient.harbour-radiology.com.au,first_party,6,modern-classical,TLSv1.3,TLS_AES_256_GCM_SHA384,RSA,,False,81.2,5.5
patient.hunterimaging.com.au,first_party,1,modern-classical,TLSv1.2,ECDHE-RSA-AES128-GCM-SHA256,RSA,,False,73.8,6.0
patient.medscan.com.au,first_party,12,modern-classical,TLSv1.2,ECDHE-RSA-AES256-GCM-SHA384,RSA,,False,73.8,6.0
patient.qldxray.com.au,first_party,1,modern-classical,TLSv1.2,ECDHE-RSA-AES128-GCM-SHA256,RSA,,False,73.8,6.0
patient.rad-x.com.au,first_party,6,modern-classical,TLSv1.3,TLS_AES_256_GCM_SHA384,RSA,,False,81.2,5.5
patient.radiusimaging.com.au,first_party,6,modern-classical,TLSv1.3,TLS_AES_256_GCM_SHA384,RSA,,False,81.2,5.5
patient.rousehillradiology.com.au,first_party,12,modern-classical,TLSv1.2,ECDHE-RSA-AES256-GCM-SHA384,RSA,,False,73.8,6.0
patient.specradkingswood.com.au,first_party,2,quantum-ready,TLSv1.3,TLS_AES_256_GCM_SHA384,EC-secp256r1,256,True,89.2,1.0
patient.visionradiology.com.au,first_party,2,quantum-ready,TLSv1.3,TLS_AES_256_GCM_SHA384,EC-secp256r1,256,True,89.2,1.0
patients.alfredimaging.com.au,first_party,6,modern-classical,TLSv1.3,TLS_AES_256_GCM_SHA384,RSA,,False,81.2,5.5
patients.superscan.com.au,first_party,6,modern-classical,TLSv1.3,TLS_AES_256_GCM_SHA384,RSA,,False,81.2,5.5
pay.google.com,google_services,16,quantum-ready,TLSv1.3,TLS_AES_256_GCM_SHA384,EC-secp256r1,256,True,89.2,1.0
paylaterapp.com,first_party,2,quantum-ready,TLSv1.3,TLS_AES_256_GCM_SHA384,EC-secp256r1,256,True,89.2,1.0
payoneer.com,first_party,6,modern-classical,TLSv1.3,TLS_AES_256_GCM_SHA384,RSA,,False,81.2,5.5
paypal.com,first_party,4,modern-classical,TLSv1.3,TLS_AES_128_GCM_SHA256,RSA,,False,81.2,5.5
paytm.com,first_party,2,quantum-ready,TLSv1.3,TLS_AES_256_GCM_SHA384,EC-secp256r1,256,True,89.2,1.0
pearler.com,first_party,0,quantum-ready,TLSv1.3,TLS_AES_128_GCM_SHA256,RSA,,True,89.2,1.0
peopleschoicecu.com.au,first_party,12,modern-classical,TLSv1.2,ECDHE-RSA-AES256-GCM-SHA384,RSA,,False,73.8,6.0
perps-wss.trustwallet.com,first_party,2,quantum-ready,TLSv1.3,TLS_AES_256_GCM_SHA384,EC-secp256r1,256,True,89.2,1.0
perps.trustwallet.com,first_party,2,quantum-ready,TLSv1.3,TLS_AES_256_GCM_SHA384,EC-secp256r1,256,True,89.2,1.0
perxhealth.com,first_party,2,quantum-ready,TLSv1.3,TLS_AES_256_GCM_SHA384,EC-secp256r1,256,True,89.2,1.0
pg.com,first_party,12,modern-classical,TLSv1.2,ECDHE-RSA-AES256-GCM-SHA384,RSA,,False,73.8,6.0
phantom.app,first_party,2,quantum-ready,TLSv1.3,TLS_AES_256_GCM_SHA384,EC-secp256r1,256,True,89.2,1.0
phantom.com,first_party,2,quantum-ready,TLSv1.3,TLS_AES_256_GCM_SHA384,EC-secp256r1,256,True,89.2,1.0
phmsa.dot.gov,first_party,4,modern-classical,TLSv1.3,TLS_AES_128_GCM_SHA256,RSA,,False,81.2,5.5
phonak.com,first_party,4,modern-classical,TLSv1.3,TLS_AES_128_GCM_SHA256,RSA,,False,81.2,5.5
physiapp.com,first_party,2,quantum-ready,TLSv1.3,TLS_AES_256_GCM_SHA384,EC-secp256r1,256,True,89.2,1.0
physitrack.com,first_party,2,quantum-ready,TLSv1.3,TLS_AES_256_GCM_SHA384,EC-secp256r1,256,True,89.2,1.0
planfit.ai,first_party,0,quantum-ready,TLSv1.3,TLS_AES_128_GCM_SHA256,RSA,,True,89.2,1.0
plasma.twnodes.com,other_third_party,5,modern-classical,TLSv1.2,ECDHE-RSA-AES128-GCM-SHA256,RSA,,False,73.8,6.0
platform.trustwallet.com,first_party,2,quantum-ready,TLSv1.3,TLS_AES_256_GCM_SHA384,EC-secp256r1,256,True,89.2,1.0
play.samsungcloud.com,first_party,4,modern-classical,TLSv1.3,TLS_AES_128_GCM_SHA256,RSA,,False,81.2,5.5
plus500.com,first_party,2,quantum-ready,TLSv1.3,TLS_AES_256_GCM_SHA384,EC-secp256r1,256,True,89.2,1.0
policies.google.com,google_services,16,quantum-ready,TLSv1.3,TLS_AES_256_GCM_SHA384,EC-secp256r1,256,True,89.2,1.0
policies.yahoo.com,first_party,13,modern-classical,TLSv1.3,TLS_AES_128_GCM_SHA256,EC-secp256r1,256,False,81.2,5.5
polkadot.twnodes.com,other_third_party,5,modern-classical,TLSv1.2,ECDHE-RSA-AES128-GCM-SHA256,RSA,,False,73.8,6.0
polygon-zkevm.twnodes.com,other_third_party,5,modern-classical,TLSv1.2,ECDHE-RSA-AES128-GCM-SHA256,RSA,,False,73.8,6.0
polygon.twnodes.com,other_third_party,5,modern-classical,TLSv1.2,ECDHE-RSA-AES128-GCM-SHA256,RSA,,False,73.8,6.0
powerfulmedical.com,first_party,0,quantum-ready,TLSv1.3,TLS_AES_128_GCM_SHA256,RSA,,True,89.2,1.0
prestamo-argentina.web.app,first_party,4,modern-classical,TLSv1.3,TLS_AES_128_GCM_SHA256,RSA,,False,81.2,5.5
primemedic.com.au,first_party,6,modern-classical,TLSv1.3,TLS_AES_256_GCM_SHA384,RSA,,False,81.2,5.5
privacy.macrofactorapp.com,first_party,2,quantum-ready,TLSv1.3,TLS_AES_256_GCM_SHA384,EC-secp256r1,256,True,89.2,1.0
privacypolicies.com,first_party,2,quantum-ready,TLSv1.3,TLS_AES_256_GCM_SHA384,EC-secp256r1,256,True,89.2,1.0
privacypolicy.pg.com,first_party,6,modern-classical,TLSv1.3,TLS_AES_256_GCM_SHA384,RSA,,False,81.2,5.5
privadovpn.com,first_party,0,quantum-ready,TLSv1.3,TLS_AES_128_GCM_SHA256,RSA,,True,89.2,1.0
production.smartpatient.eu,first_party,4,modern-classical,TLSv1.3,TLS_AES_128_GCM_SHA256,RSA,,False,81.2,5.5
proton.me,first_party,6,modern-classical,TLSv1.3,TLS_AES_256_GCM_SHA384,RSA,,False,81.2,5.5
protonvpn.com,first_party,6,modern-classical,TLSv1.3,TLS_AES_256_GCM_SHA384,RSA,,False,81.2,5.5
prpimaging.com.au,first_party,3,modern-classical,TLSv1.3,TLS_AES_256_GCM_SHA384,EC-secp256r1,256,False,81.2,5.5
psiphon.ca,first_party,1,modern-classical,TLSv1.2,ECDHE-RSA-AES128-GCM-SHA256,RSA,,False,73.8,6.0
q9d12df58.app-ads-txt.com,first_party,6,modern-classical,TLSv1.3,TLS_AES_256_GCM_SHA384,RSA,,False,81.2,5.5
qantas.com,first_party,3,modern-classical,TLSv1.3,TLS_AES_256_GCM_SHA384,EC-secp256r1,256,False,81.2,5.5
qatarmedicalcenter.com,first_party,12,modern-classical,TLSv1.2,ECDHE-RSA-AES256-GCM-SHA384,RSA,,False,73.8,6.0
qbixbh.cdn-settings.appsflyersdk.com,first_party,0,quantum-ready,TLSv1.3,TLS_AES_128_GCM_SHA256,RSA,,True,89.2,1.0
qbixbh.conversions.appsflyersdk.com,first_party,0,quantum-ready,TLSv1.3,TLS_AES_128_GCM_SHA256,RSA,,True,89.2,1.0
qbixbh.inapps.appsflyersdk.com,first_party,0,quantum-ready,TLSv1.3,TLS_AES_128_GCM_SHA256,RSA,,True,89.2,1.0
qbixbh.launches.appsflyersdk.com,first_party,0,quantum-ready,TLSv1.3,TLS_AES_128_GCM_SHA256,RSA,,True,89.2,1.0
qbixbh.pia.appsflyersdk.com,first_party,0,quantum-ready,TLSv1.3,TLS_AES_128_GCM_SHA256,RSA,,True,89.2,1.0
qscangroup.com.au,first_party,2,quantum-ready,TLSv1.3,TLS_AES_256_GCM_SHA384,EC-secp256r1,256,True,89.2,1.0
qsuper.qld.gov.au,first_party,4,modern-classical,TLSv1.3,TLS_AES_128_GCM_SHA256,RSA,,False,81.2,5.5
qtum-blockbook.twnodes.com,other_third_party,5,modern-classical,TLSv1.2,ECDHE-RSA-AES128-GCM-SHA256,RSA,,False,73.8,6.0
queenslandcountry.bank,first_party,11,quantum-ready,TLSv1.3,TLS_AES_256_GCM_SHA384,RSA,,True,89.2,1.0
query.thegraph.kiln.fi,other_third_party,9,modern-classical,TLSv1.3,TLS_AES_256_GCM_SHA384,RSA,,False,81.2,5.5
radiantradiology.com.au,first_party,6,modern-classical,TLSv1.3,TLS_AES_256_GCM_SHA384,RSA,,False,81.2,5.5
radiologygroup.com.au,first_party,6,modern-classical,TLSv1.3,TLS_AES_256_GCM_SHA384,RSA,,False,81.2,5.5
radius.zed.link,first_party,2,quantum-ready,TLSv1.3,TLS_AES_256_GCM_SHA384,EC-secp256r1,256,True,89.2,1.0
ravencoin-blockbook.twnodes.com,other_third_party,5,modern-classical,TLSv1.2,ECDHE-RSA-AES128-GCM-SHA256,RSA,,False,73.8,6.0
rayswellness.com.au,first_party,2,quantum-ready,TLSv1.3,TLS_AES_256_GCM_SHA384,EC-secp256r1,256,True,89.2,1.0
rch.org.au,first_party,4,modern-classical,TLSv1.3,TLS_AES_128_GCM_SHA256,RSA,,False,81.2,5.5
realbyteapps.com,first_party,4,modern-classical,TLSv1.3,TLS_AES_128_GCM_SHA256,RSA,,False,81.2,5.5
reddit.com,social,-1,pqc-transitioning,TLSv1.3,TLS_AES_128_GCM_SHA256,RSA,,False,81.2,5.5
reface.ai,first_party,2,quantum-ready,TLSv1.3,TLS_AES_256_GCM_SHA384,EC-secp256r1,256,True,89.2,1.0
remitly.com,first_party,0,quantum-ready,TLSv1.3,TLS_AES_128_GCM_SHA256,RSA,,True,89.2,1.0
remserv.com.au,first_party,2,quantum-ready,TLSv1.3,TLS_AES_256_GCM_SHA384,EC-secp256r1,256,True,89.2,1.0
renpho.com,first_party,2,quantum-ready,TLSv1.3,TLS_AES_256_GCM_SHA384,EC-secp256r1,256,True,89.2,1.0
replika.ai,first_party,0,quantum-ready,TLSv1.3,TLS_AES_128_GCM_SHA256,RSA,,True,89.2,1.0
resmed.com,first_party,6,modern-classical,TLSv1.3,TLS_AES_256_GCM_SHA384,RSA,,False,81.2,5.5
resource.samsungcloud.com,other_third_party,-1,pqc-transitioning,TLSv1.3,TLS_AES_128_GCM_SHA256,RSA,,True,89.2,1.0
rest.com.au,first_party,0,quantum-ready,TLSv1.3,TLS_AES_128_GCM_SHA256,RSA,,True,89.2,1.0
revitive.com,first_party,2,quantum-ready,TLSv1.3,TLS_AES_256_GCM_SHA384,EC-secp256r1,256,True,89.2,1.0
revofitness.netpulse.com,first_party,6,modern-classical,TLSv1.3,TLS_AES_256_GCM_SHA384,RSA,,False,81.2,5.5
revolut.com,first_party,2,quantum-ready,TLSv1.3,TLS_AES_256_GCM_SHA384,EC-secp256r1,256,True,89.2,1.0
riamoneytransfer.com,first_party,4,modern-classical,TLSv1.3,TLS_AES_128_GCM_SHA256,RSA,,False,81.2,5.5
ridewithgps.com,first_party,6,modern-classical,TLSv1.3,TLS_AES_256_GCM_SHA384,RSA,,False,81.2,5.5
ripple.twnodes.com,other_third_party,5,modern-classical,TLSv1.2,ECDHE-RSA-AES128-GCM-SHA256,RSA,,False,73.8,6.0
risescience.com,first_party,2,quantum-ready,TLSv1.3,TLS_AES_256_GCM_SHA384,EC-secp256r1,256,True,89.2,1.0
rjctunnelvpn.blogspot.com,first_party,2,quantum-ready,TLSv1.3,TLS_AES_256_GCM_SHA384,EC-secp256r1,256,True,89.2,1.0
ronin.twnodes.com,other_third_party,5,modern-classical,TLSv1.2,ECDHE-RSA-AES128-GCM-SHA256,RSA,,False,73.8,6.0
rosebud.app,first_party,2,quantum-ready,TLSv1.3,TLS_AES_256_GCM_SHA384,EC-secp256r1,256,True,89.2,1.0
rozarvpn.xyz,first_party,6,modern-classical,TLSv1.3,TLS_AES_256_GCM_SHA384,RSA,,False,81.2,5.5
rtrt.me,first_party,12,modern-classical,TLSv1.2,ECDHE-RSA-AES256-GCM-SHA384,RSA,,False,73.8,6.0
runna.com,first_party,2,quantum-ready,TLSv1.3,TLS_AES_256_GCM_SHA384,EC-secp256r1,256,True,89.2,1.0
runtastic.com,first_party,3,modern-classical,TLSv1.3,TLS_AES_256_GCM_SHA384,EC-secp256r1,256,False,81.2,5.5
s2.coinmarketcap.com,first_party,0,quantum-ready,TLSv1.3,TLS_AES_128_GCM_SHA256,RSA,,True,89.2,1.0
samsung.com,first_party,1,modern-classical,TLSv1.2,ECDHE-RSA-AES128-GCM-SHA256,RSA,,False,73.8,6.0
samsunghealth.com,first_party,0,quantum-ready,TLSv1.3,TLS_AES_128_GCM_SHA256,RSA,,True,89.2,1.0
schwab.com,first_party,12,modern-classical,TLSv1.2,ECDHE-RSA-CHACHA20-POLY1305,RSA,,False,73.8,6.0
scroll.twnodes.com,other_third_party,5,modern-classical,TLSv1.2,ECDHE-RSA-AES128-GCM-SHA256,RSA,,False,73.8,6.0
sdk.iad-05.braze.com,ads_analytics,-1,pqc-transitioning,TLSv1.3,TLS_AES_256_GCM_SHA384,EC-secp256r1,256,True,89.2,1.0
sdk.pushmessage.samsung.com,other_third_party,5,modern-classical,TLSv1.2,ECDHE-RSA-AES128-GCM-SHA256,RSA,,False,73.8,6.0
secure.splitwise.com,first_party,2,quantum-ready,TLSv1.3,TLS_AES_256_GCM_SHA384,EC-secp256r1,256,True,89.2,1.0
securesignal.app,first_party,3,modern-classical,TLSv1.3,TLS_AES_256_GCM_SHA384,EC-secp256r1,256,False,81.2,5.5
securityinabox.org,first_party,6,modern-classical,TLSv1.3,TLS_AES_256_GCM_SHA384,RSA,,False,81.2,5.5
sei-api.twnodes.com,other_third_party,5,modern-classical,TLSv1.2,ECDHE-RSA-AES128-GCM-SHA256,RSA,,False,73.8,6.0
service.mcafee.com,first_party,4,modern-classical,TLSv1.3,TLS_AES_128_GCM_SHA256,RSA,,False,81.2,5.5
seven.app,first_party,-1,pqc-transitioning,TLSv1.2,ECDHE-ECDSA-AES256-GCM-SHA384,EC-secp256r1,256,False,73.8,6.0
shannons.com.au,first_party,4,modern-classical,TLSv1.3,TLS_AES_128_GCM_SHA256,RSA,,False,81.2,5.5
sharesies.nz,first_party,0,quantum-ready,TLSv1.3,TLS_AES_128_GCM_SHA256,RSA,,True,89.2,1.0
shealth-api.samsunghealth.com,first_party,0,quantum-ready,TLSv1.3,TLS_AES_128_GCM_SHA256,RSA,,True,89.2,1.0
shen.ai,first_party,2,quantum-ready,TLSv1.3,TLS_AES_256_GCM_SHA384,EC-secp256r1,256,True,89.2,1.0
shop-apotheke.com,first_party,6,modern-classical,TLSv1.3,TLS_AES_256_GCM_SHA384,RSA,,False,81.2,5.5
shop.medela.co.uk,first_party,12,modern-classical,TLSv1.2,ECDHE-RSA-AES256-GCM-SHA384,RSA,,False,73.8,6.0
sicky.com.au,first_party,0,quantum-ready,TLSv1.3,TLS_AES_128_GCM_SHA256,RSA,,True,89.2,1.0
simple.life,first_party,2,quantum-ready,TLSv1.3,TLS_AES_256_GCM_SHA384,EC-secp256r1,256,True,89.2,1.0
simpledesign.ltd,first_party,12,modern-classical,TLSv1.2,ECDHE-RSA-AES256-GCM-SHA384,RSA,,False,73.8,6.0
simpleinnovation.us,first_party,0,quantum-ready,TLSv1.3,TLS_AES_128_GCM_SHA256,RSA,,True,89.2,1.0
simplyswim.com.au,first_party,6,modern-classical,TLSv1.3,TLS_AES_256_GCM_SHA384,RSA,,False,81.2,5.5
sistr.com.au,first_party,4,modern-classical,TLSv1.3,TLS_AES_128_GCM_SHA256,RSA,,False,81.2,5.5
sisuhealthgroup.com,first_party,0,quantum-ready,TLSv1.3,TLS_AES_128_GCM_SHA256,RSA,,True,89.2,1.0
sites.google.com,google_services,16,quantum-ready,TLSv1.3,TLS_AES_256_GCM_SHA384,EC-secp256r1,256,True,89.2,1.0
skg.com.au,first_party,13,modern-classical,TLSv1.3,TLS_AES_128_GCM_SHA256,EC-secp384r1,384,False,81.2,5.5
skinive.com,first_party,3,modern-classical,TLSv1.3,TLS_AES_256_GCM_SHA384,EC-secp256r1,256,False,81.2,5.5
skinvision-static-content.s3-eu-west-1.amazonaws.com,cdn,15,quantum-ready,TLSv1.3,TLS_AES_128_GCM_SHA256,RSA,,True,89.2,1.0
skinvision.com,first_party,4,modern-classical,TLSv1.3,TLS_AES_128_GCM_SHA256,RSA,,False,81.2,5.5
skrill.com,first_party,0,quantum-ready,TLSv1.3,TLS_AES_128_GCM_SHA256,RSA,,True,89.2,1.0
sleepcycle.com,first_party,2,quantum-ready,TLSv1.3,TLS_AES_256_GCM_SHA384,EC-secp256r1,256,True,89.2,1.0
sleepsoundsapp.xyz,first_party,11,quantum-ready,TLSv1.3,TLS_AES_256_GCM_SHA384,RSA,,True,89.2,1.0
smartailab.blogspot.com,first_party,2,quantum-ready,TLSv1.3,TLS_AES_256_GCM_SHA384,EC-secp256r1,256,True,89.2,1.0
smartbp.app,first_party,2,quantum-ready,TLSv1.3,TLS_AES_256_GCM_SHA384,EC-secp256r1,256,True,89.2,1.0
smartcard.com.au,first_party,10,quantum-ready,TLSv1.3,TLS_AES_128_GCM_SHA256,EC-secp256r1,256,True,89.2,1.0
smilingmind.com.au,first_party,0,quantum-ready,TLSv1.3,TLS_AES_128_GCM_SHA256,RSA,,True,89.2,1.0
sniip.com,first_party,6,modern-classical,TLSv1.3,TLS_AES_256_GCM_SHA384,RSA,,False,81.2,5.5
snorelab.com,first_party,2,quantum-ready,TLSv1.3,TLS_AES_256_GCM_SHA384,EC-secp256r1,256,True,89.2,1.0
sobersidekick.com,first_party,4,modern-classical,TLSv1.3,TLS_AES_128_GCM_SHA256,RSA,,False,81.2,5.5
socialtechcompany.com,first_party,4,modern-classical,TLSv1.3,TLS_AES_128_GCM_SHA256,RSA,,False,81.2,5.5
solana.twnodes.com,other_third_party,5,modern-classical,TLSv1.2,ECDHE-RSA-AES128-GCM-SHA256,RSA,,False,73.8,6.0
sonic.twnodes.com,first_party,1,modern-classical,TLSv1.2,ECDHE-RSA-AES128-GCM-SHA256,RSA,,False,73.8,6.0
soundscouts.com,first_party,13,modern-classical,TLSv1.3,TLS_AES_128_GCM_SHA256,EC-secp256r1,256,False,81.2,5.5
soundscouts.com.au,first_party,13,modern-classical,TLSv1.3,TLS_AES_128_GCM_SHA256,EC-secp256r1,256,False,81.2,5.5
spaceship.com.au,first_party,6,modern-classical,TLSv1.3,TLS_AES_256_GCM_SHA384,RSA,,False,81.2,5.5
splitwise.com,first_party,2,quantum-ready,TLSv1.3,TLS_AES_256_GCM_SHA384,EC-secp256r1,256,True,89.2,1.0
squareup.com,first_party,2,quantum-ready,TLSv1.3,TLS_AES_256_GCM_SHA384,EC-secp256r1,256,True,89.2,1.0
sso.revolut.com,first_party,11,quantum-ready,TLSv1.3,TLS_AES_256_GCM_SHA384,RSA,,True,89.2,1.0
stardust.app,first_party,2,quantum-ready,TLSv1.3,TLS_AES_256_GCM_SHA384,EC-secp256r1,256,True,89.2,1.0
stargaze-api.twnodes.com,other_third_party,5,modern-classical,TLSv1.2,ECDHE-RSA-AES128-GCM-SHA256,RSA,,False,73.8,6.0
static-cdn-f.appediet.com,first_party,2,quantum-ready,TLSv1.3,TLS_AES_256_GCM_SHA384,EC-secp256r1,256,True,89.2,1.0
static-widgets-content-distribution.owhealth.com,first_party,2,quantum-ready,TLSv1.3,TLS_AES_256_GCM_SHA384,EC-secp256r1,256,True,89.2,1.0
static.astherus.finance,cdn,15,quantum-ready,TLSv1.3,TLS_AES_128_GCM_SHA256,RSA,,True,89.2,1.0
static.eatwiseai.app,cdn,-1,pqc-transitioning,TLSv1.3,TLS_AES_256_GCM_SHA384,RSA,,False,81.2,5.5
static.heartrate.info,cdn,-1,pqc-transitioning,TLSv1.3,TLS_AES_256_GCM_SHA384,RSA,,False,81.2,5.5
static.saasexch.com,cdn,15,quantum-ready,TLSv1.3,TLS_AES_128_GCM_SHA256,RSA,,True,89.2,1.0
static.smartpatient.eu,cdn,15,quantum-ready,TLSv1.3,TLS_AES_128_GCM_SHA256,RSA,,True,89.2,1.0
staticcdn.duckduckgo.com,first_party,6,modern-classical,TLSv1.3,TLS_AES_256_GCM_SHA384,RSA,,False,81.2,5.5
stellar.twnodes.com,other_third_party,5,modern-classical,TLSv1.2,ECDHE-RSA-AES128-GCM-SHA256,RSA,,False,73.8,6.0
step.inston.ltd,first_party,0,quantum-ready,TLSv1.3,TLS_AES_128_GCM_SHA256,RSA,,True,89.2,1.0
steps.app,first_party,2,quantum-ready,TLSv1.3,TLS_AES_256_GCM_SHA384,EC-secp256r1,256,True,89.2,1.0
stgeorge.com.au,first_party,0,quantum-ready,TLSv1.3,TLS_AES_128_GCM_SHA256,RSA,,True,89.2,1.0
stjohnambulance.com.au,first_party,12,modern-classical,TLSv1.2,ECDHE-RSA-AES256-GCM-SHA384,RSA,,False,73.8,6.0
storage.googleapis.com,google_services,16,quantum-ready,TLSv1.3,TLS_AES_256_GCM_SHA384,EC-secp256r1,256,True,89.2,1.0
stride-api.twnodes.com,other_third_party,5,modern-classical,TLSv1.2,ECDHE-RSA-AES128-GCM-SHA256,RSA,,False,73.8,6.0
strong.app,first_party,6,modern-classical,TLSv1.3,TLS_AES_256_GCM_SHA384,RSA,,False,81.2,5.5
strongpilates.com.au,first_party,2,quantum-ready,TLSv1.3,TLS_AES_256_GCM_SHA384,EC-secp256r1,256,True,89.2,1.0
sui.twnodes.com,other_third_party,5,modern-classical,TLSv1.2,ECDHE-RSA-AES128-GCM-SHA256,RSA,,False,73.8,6.0
sulitnetsoft.com,first_party,6,modern-classical,TLSv1.3,TLS_AES_256_GCM_SHA384,RSA,,False,81.2,5.5
suncorp.com.au,first_party,4,modern-classical,TLSv1.3,TLS_AES_128_GCM_SHA256,RSA,,False,81.2,5.5
suncorpbank.com.au,first_party,4,modern-classical,TLSv1.3,TLS_AES_128_GCM_SHA256,RSA,,False,81.2,5.5
supershell.me,first_party,2,quantum-ready,TLSv1.3,TLS_AES_256_GCM_SHA384,EC-secp256r1,256,True,89.2,1.0
support.androidappshk.com,first_party,3,modern-classical,TLSv1.3,TLS_AES_256_GCM_SHA384,EC-secp384r1,384,False,81.2,5.5
support.bettersleep.com,first_party,2,quantum-ready,TLSv1.3,TLS_AES_256_GCM_SHA384,EC-secp256r1,256,True,89.2,1.0
support.easydietdiary.com,first_party,11,quantum-ready,TLSv1.3,TLS_AES_256_GCM_SHA384,RSA,,True,89.2,1.0
support.metamask.io,first_party,2,quantum-ready,TLSv1.3,TLS_AES_256_GCM_SHA384,EC-secp256r1,256,True,89.2,1.0
support.moonpay.com,first_party,11,quantum-ready,TLSv1.3,TLS_AES_256_GCM_SHA384,RSA,,True,89.2,1.0
support.norton.com,first_party,6,modern-classical,TLSv1.3,TLS_AES_256_GCM_SHA384,RSA,,False,81.2,5.5
support.sleepcycle.com,first_party,11,quantum-ready,TLSv1.3,TLS_AES_256_GCM_SHA384,RSA,,True,89.2,1.0
support.strava.com,first_party,11,quantum-ready,TLSv1.3,TLS_AES_256_GCM_SHA384,RSA,,True,89.2,1.0
surfshark.com,first_party,2,quantum-ready,TLSv1.3,TLS_AES_256_GCM_SHA384,EC-secp256r1,256,True,89.2,1.0
sweatco.in,first_party,2,quantum-ready,TLSv1.3,TLS_AES_256_GCM_SHA384,EC-secp256r1,256,True,89.2,1.0
sweateconomy.com,first_party,2,quantum-ready,TLSv1.3,TLS_AES_256_GCM_SHA384,EC-secp256r1,256,True,89.2,1.0
swyftx.com,first_party,2,quantum-ready,TLSv1.3,TLS_AES_256_GCM_SHA384,EC-secp256r1,256,True,89.2,1.0
symptomatic.me,first_party,0,quantum-ready,TLSv1.3,TLS_AES_128_GCM_SHA256,RSA,,True,89.2,1.0
takeyourpillsapp.com,first_party,4,modern-classical,TLSv1.3,TLS_AES_128_GCM_SHA256,RSA,,False,81.2,5.5
taptapsend.com,first_party,2,quantum-ready,TLSv1.3,TLS_AES_256_GCM_SHA384,EC-secp256r1,256,True,89.2,1.0
tarjeta-argentina.web.app,first_party,4,modern-classical,TLSv1.3,TLS_AES_128_GCM_SHA256,RSA,,False,81.2,5.5
teachershealth.com.au,first_party,6,modern-classical,TLSv1.3,TLS_AES_256_GCM_SHA384,RSA,,False,81.2,5.5
team.urbandroid.org,first_party,6,modern-classical,TLSv1.3,TLS_CHACHA20_POLY1305_SHA256,RSA,,False,81.2,5.5
televisionstats.com,other_third_party,7,quantum-ready,TLSv1.3,TLS_AES_256_GCM_SHA384,EC-secp256r1,256,True,89.2,1.0
terms.macrofactorapp.com,first_party,2,quantum-ready,TLSv1.3,TLS_AES_256_GCM_SHA384,EC-secp256r1,256,True,89.2,1.0
termsfeed.com,first_party,2,quantum-ready,TLSv1.3,TLS_AES_256_GCM_SHA384,EC-secp256r1,256,True,89.2,1.0
terra-classic-fcd.twnodes.com,other_third_party,5,modern-classical,TLSv1.2,ECDHE-RSA-AES128-GCM-SHA256,RSA,,False,73.8,6.0
terrywhitechemmart.com.au,first_party,2,quantum-ready,TLSv1.3,TLS_AES_256_GCM_SHA384,EC-secp256r1,256,True,89.2,1.0
testpap3.paplink.com,first_party,6,modern-classical,TLSv1.3,TLS_AES_256_GCM_SHA384,RSA,,False,81.2,5.5
tezos.twnodes.com,other_third_party,5,modern-classical,TLSv1.2,ECDHE-RSA-AES128-GCM-SHA256,RSA,,False,73.8,6.0
thebluefoxapps.com,first_party,0,quantum-ready,TLSv1.3,TLS_AES_128_GCM_SHA256,RSA,,True,89.2,1.0
thebudgeting.app,first_party,4,modern-classical,TLSv1.3,TLS_AES_128_GCM_SHA256,RSA,,False,81.2,5.5
theinsgroup.com.au,first_party,4,modern-classical,TLSv1.3,TLS_AES_128_GCM_SHA256,RSA,,False,81.2,5.5
theocc.com,first_party,2,quantum-ready,TLSv1.3,TLS_AES_256_GCM_SHA384,EC-secp256r1,256,True,89.2,1.0
thestepupapp.com,first_party,4,modern-classical,TLSv1.3,TLS_AES_128_GCM_SHA256,RSA,,False,81.2,5.5
theta.twnodes.com,other_third_party,5,modern-classical,TLSv1.2,ECDHE-RSA-AES128-GCM-SHA256,RSA,,False,73.8,6.0
thewomens.org.au,first_party,4,modern-classical,TLSv1.3,TLS_AES_128_GCM_SHA256,RSA,,False,81.2,5.5
thorchain.twnodes.com,first_party,1,modern-classical,TLSv1.2,ECDHE-RSA-AES128-GCM-SHA256,RSA,,False,73.8,6.0
thundertoken.twnodes.com,other_third_party,5,modern-classical,TLSv1.2,ECDHE-RSA-AES128-GCM-SHA256,RSA,,False,73.8,6.0
tiktok.com,social,-1,pqc-transitioning,TLSv1.3,TLS_AES_256_GCM_SHA384,EC-secp256r1,256,False,81.2,5.5
tmtunnel.com,first_party,2,quantum-ready,TLSv1.3,TLS_AES_256_GCM_SHA384,EC-secp256r1,256,True,89.2,1.0
tngdigital.com.my,first_party,6,modern-classical,TLSv1.3,TLS_AES_256_GCM_SHA384,RSA,,False,81.2,5.5
toiletmap.gov.au,first_party,12,modern-classical,TLSv1.2,ECDHE-RSA-AES256-GCM-SHA384,RSA,,False,73.8,6.0
tomochain.twnodes.com,other_third_party,5,modern-classical,TLSv1.2,ECDHE-RSA-AES128-GCM-SHA256,RSA,,False,73.8,6.0
ton.twnodes.com,other_third_party,5,modern-classical,TLSv1.2,ECDHE-RSA-AES128-GCM-SHA256,RSA,,False,73.8,6.0
totalav.com,first_party,3,modern-classical,TLSv1.3,TLS_AES_256_GCM_SHA384,EC-secp256r1,256,False,81.2,5.5
trading212.com,first_party,0,quantum-ready,TLSv1.3,TLS_AES_128_GCM_SHA256,RSA,,True,89.2,1.0
tradingview.com,first_party,0,quantum-ready,TLSv1.3,TLS_AES_128_GCM_SHA256,RSA,,True,89.2,1.0
trainerize.com,first_party,1,modern-classical,TLSv1.2,ECDHE-RSA-AES128-GCM-SHA256,RSA,,False,73.8,6.0
travelmoneyoz.com,first_party,13,modern-classical,TLSv1.3,TLS_AES_128_GCM_SHA256,EC-secp256r1,256,False,81.2,5.5
trendmicro.com,first_party,3,modern-classical,TLSv1.3,TLS_AES_256_GCM_SHA384,EC-secp256r1,256,False,81.2,5.5
tricount.com,first_party,1,modern-classical,TLSv1.2,ECDHE-RSA-AES128-GCM-SHA256,RSA,,False,73.8,6.0
trmprivacy.blogspot.com,first_party,2,quantum-ready,TLSv1.3,TLS_AES_256_GCM_SHA384,EC-secp256r1,256,True,89.2,1.0
trmtunnel.blogspot.com,first_party,2,quantum-ready,TLSv1.3,TLS_AES_256_GCM_SHA384,EC-secp256r1,256,True,89.2,1.0
tron.twnodes.com,other_third_party,5,modern-classical,TLSv1.2,ECDHE-RSA-AES128-GCM-SHA256,RSA,,False,73.8,6.0
tropicinnovation.com,first_party,6,modern-classical,TLSv1.3,TLS_AES_256_GCM_SHA384,RSA,,False,81.2,5.5
trustwallet.com,first_party,2,quantum-ready,TLSv1.3,TLS_AES_256_GCM_SHA384,EC-secp256r1,256,True,89.2,1.0
tryquinn.com,first_party,0,quantum-ready,TLSv1.3,TLS_AES_128_GCM_SHA256,RSA,,True,89.2,1.0
turbovpn.co,first_party,0,quantum-ready,TLSv1.3,TLS_AES_128_GCM_SHA256,RSA,,True,89.2,1.0
turbovpn.com,first_party,0,quantum-ready,TLSv1.3,TLS_AES_128_GCM_SHA256,RSA,,True,89.2,1.0
twilight.urbandroid.org,first_party,6,modern-classical,TLSv1.3,TLS_CHACHA20_POLY1305_SHA256,RSA,,False,81.2,5.5
twitter.com,social,7,quantum-ready,TLSv1.3,TLS_AES_256_GCM_SHA384,EC-secp256r1,256,True,89.2,1.0
ubank.com.au,first_party,12,modern-classical,TLSv1.2,ECDHE-RSA-AES256-GCM-SHA384,RSA,,False,73.8,6.0
unisuper.com.au,first_party,4,modern-classical,TLSv1.3,TLS_AES_128_GCM_SHA256,RSA,,False,81.2,5.5
unitron.com,first_party,4,modern-classical,TLSv1.3,TLS_AES_128_GCM_SHA256,RSA,,False,81.2,5.5
up.com.au,first_party,6,modern-classical,TLSv1.3,TLS_AES_256_GCM_SHA384,RSA,,False,81.2,5.5
upaisa.com,first_party,6,modern-classical,TLSv1.3,TLS_AES_256_GCM_SHA384,RSA,,False,81.2,5.5
updoc.com.au,first_party,1,modern-classical,TLSv1.2,ECDHE-RSA-AES128-GCM-SHA256,RSA,,False,73.8,6.0
upload.wikimedia.org,other_third_party,-1,pqc-transitioning,TLSv1.3,TLS_AES_128_GCM_SHA256,EC-secp256r1,256,True,89.2,1.0
us.watch.iot.mi.com,first_party,6,modern-classical,TLSv1.3,TLS_AES_256_GCM_SHA384,RSA,,False,81.2,5.5
useprometheus.app,first_party,4,modern-classical,TLSv1.3,TLS_AES_128_GCM_SHA256,RSA,,False,81.2,5.5
valdhealth.com,first_party,6,modern-classical,TLSv1.3,TLS_AES_256_GCM_SHA384,RSA,,False,81.2,5.5
vantagemarkets.com,first_party,2,quantum-ready,TLSv1.3,TLS_AES_256_GCM_SHA384,EC-secp256r1,256,True,89.2,1.0
vas.samsungapps.com,first_party,1,modern-classical,TLSv1.2,ECDHE-RSA-AES128-GCM-SHA256,RSA,,False,73.8,6.0
vavavpn.com,first_party,6,modern-classical,TLSv1.3,TLS_AES_256_GCM_SHA384,RSA,,False,81.2,5.5
vavavpn.net,first_party,2,quantum-ready,TLSv1.3,TLS_AES_256_GCM_SHA384,EC-secp256r1,256,True,89.2,1.0
vechain.twnodes.com,other_third_party,5,modern-classical,TLSv1.2,ECDHE-RSA-AES128-GCM-SHA256,RSA,,False,73.8,6.0
verify.proton.me,first_party,6,modern-classical,TLSv1.3,TLS_AES_256_GCM_SHA384,RSA,,False,81.2,5.5
version.mysugr.com,first_party,0,quantum-ready,TLSv1.3,TLS_AES_128_GCM_SHA256,RSA,,True,89.2,1.0
viacoin-blockbook.twnodes.com,other_third_party,5,modern-classical,TLSv1.2,ECDHE-RSA-AES128-GCM-SHA256,RSA,,False,73.8,6.0
viraldevelopment.co,first_party,0,quantum-ready,TLSv1.3,TLS_AES_128_GCM_SHA256,RSA,,True,89.2,1.0
virginmoney.com.au,first_party,-1,pqc-transitioning,TLSv1.2,ECDHE-ECDSA-AES256-GCM-SHA384,EC-secp256r1,256,False,73.8,6.0
virtuagym.com,first_party,4,modern-classical,TLSv1.3,TLS_AES_128_GCM_SHA256,RSA,,False,81.2,5.5
visiblebody.com,first_party,0,quantum-ready,TLSv1.3,TLS_AES_128_GCM_SHA256,RSA,,True,89.2,1.0
visionradiology.com.au,first_party,2,quantum-ready,TLSv1.3,TLS_AES_256_GCM_SHA384,EC-secp256r1,256,True,89.2,1.0
visionwizard.co,first_party,4,modern-classical,TLSv1.3,TLS_AES_128_GCM_SHA256,RSA,,False,81.2,5.5
vistahearingsolutions.com,first_party,4,modern-classical,TLSv1.3,TLS_AES_128_GCM_SHA256,RSA,,False,81.2,5.5
vitatrack.chatmateapp.com,first_party,6,modern-classical,TLSv1.3,TLS_AES_256_GCM_SHA384,RSA,,False,81.2,5.5
vivaleisure.group,first_party,2,quantum-ready,TLSv1.3,TLS_AES_256_GCM_SHA384,EC-secp256r1,256,True,89.2,1.0
vphband.com,first_party,6,modern-classical,TLSv1.3,TLS_AES_256_GCM_SHA384,RSA,,False,81.2,5.5
vpn-api.proton.me,first_party,6,modern-classical,TLSv1.3,TLS_AES_256_GCM_SHA384,RSA,,False,81.2,5.5
vpn.protondownload.com,first_party,2,quantum-ready,TLSv1.3,TLS_AES_256_GCM_SHA384,EC-secp256r1,256,True,89.2,1.0
vpnsuper.com,first_party,2,quantum-ready,TLSv1.3,TLS_AES_256_GCM_SHA384,EC-secp256r1,256,True,89.2,1.0
wanchain.twnodes.com,other_third_party,5,modern-classical,TLSv1.2,ECDHE-RSA-AES128-GCM-SHA256,RSA,,False,73.8,6.0
waves.twnodes.com,other_third_party,5,modern-classical,TLSv1.2,ECDHE-RSA-AES128-GCM-SHA256,RSA,,False,73.8,6.0
x.com,social,7,quantum-ready,TLSv1.3,TLS_AES_256_GCM_SHA384,EC-secp256r1,256,True,89.2,1.0
xe.com,first_party,0,quantum-ready,TLSv1.3,TLS_AES_128_GCM_SHA256,RSA,,True,89.2,1.0
xrpvpn.blogspot.com,first_party,2,quantum-ready,TLSv1.3,TLS_AES_256_GCM_SHA384,EC-secp256r1,256,True,89.2,1.0
xtactic.net,first_party,2,quantum-ready,TLSv1.3,TLS_AES_256_GCM_SHA384,EC-secp256r1,256,True,89.2,1.0
xv-client-json-configuration.s3.us-east-1.amazonaws.com,cdn,15,quantum-ready,TLSv1.3,TLS_AES_128_GCM_SHA256,RSA,,True,89.2,1.0
xyris.com.au,first_party,0,quantum-ready,TLSv1.3,TLS_AES_128_GCM_SHA256,RSA,,True,89.2,1.0
yazio.com,first_party,2,quantum-ready,TLSv1.3,TLS_AES_256_GCM_SHA384,EC-secp256r1,256,True,89.2,1.0
yecode.net,first_party,3,modern-classical,TLSv1.3,TLS_AES_256_GCM_SHA384,EC-secp384r1,384,False,81.2,5.5
youtu.be,first_party,2,quantum-ready,TLSv1.3,TLS_AES_256_GCM_SHA384,EC-secp256r1,256,True,89.2,1.0
youtube.com,first_party,2,quantum-ready,TLSv1.3,TLS_AES_256_GCM_SHA384,EC-secp256r1,256,True,89.2,1.0
yuka-app.helpdocs.io,first_party,6,modern-classical,TLSv1.3,TLS_AES_256_GCM_SHA384,RSA,,False,81.2,5.5
yuka.io,first_party,6,modern-classical,TLSv1.3,TLS_AES_256_GCM_SHA384,RSA,,False,81.2,5.5
yzapptech.lol,first_party,0,quantum-ready,TLSv1.3,TLS_AES_128_GCM_SHA256,RSA,,True,89.2,1.0
z8olx2.cdn-settings.appsflyersdk.com,first_party,0,quantum-ready,TLSv1.3,TLS_AES_128_GCM_SHA256,RSA,,True,89.2,1.0
z8olx2.conversions.appsflyersdk.com,first_party,0,quantum-ready,TLSv1.3,TLS_AES_128_GCM_SHA256,RSA,,True,89.2,1.0
z8olx2.dlsdk.appsflyersdk.com,first_party,0,quantum-ready,TLSv1.3,TLS_AES_128_GCM_SHA256,RSA,,True,89.2,1.0
z8olx2.gcdsdk.appsflyersdk.com,first_party,0,quantum-ready,TLSv1.3,TLS_AES_128_GCM_SHA256,RSA,,True,89.2,1.0
z8olx2.inapps.appsflyersdk.com,first_party,0,quantum-ready,TLSv1.3,TLS_AES_128_GCM_SHA256,RSA,,True,89.2,1.0
zankhana.ltd,first_party,6,modern-classical,TLSv1.3,TLS_AES_256_GCM_SHA384,RSA,,False,81.2,5.5
zcash-blockbook.twnodes.com,first_party,1,modern-classical,TLSv1.2,ECDHE-RSA-AES128-GCM-SHA256,RSA,,False,73.8,6.0
zedtechnologies.com.au,first_party,6,modern-classical,TLSv1.3,TLS_AES_256_GCM_SHA384,RSA,,False,81.2,5.5
zelcash-blockbook.twnodes.com,first_party,1,modern-classical,TLSv1.2,ECDHE-RSA-AES128-GCM-SHA256,RSA,,False,73.8,6.0
zenlabsfitness.com,first_party,6,modern-classical,TLSv1.3,TLS_AES_256_GCM_SHA384,RSA,,False,81.2,5.5
zenquiz.mnogoteams.com,first_party,6,modern-classical,TLSv1.3,TLS_AES_256_GCM_SHA384,RSA,,False,81.2,5.5
zetachain-api.twnodes.com,other_third_party,5,modern-classical,TLSv1.2,ECDHE-RSA-AES128-GCM-SHA256,RSA,,False,73.8,6.0
zetachain-evm.twnodes.com,other_third_party,5,modern-classical,TLSv1.2,ECDHE-RSA-AES128-GCM-SHA256,RSA,,False,73.8,6.0
zilliqa-api.twnodes.com,other_third_party,5,modern-classical,TLSv1.2,ECDHE-RSA-AES128-GCM-SHA256,RSA,,False,73.8,6.0
zip.co,first_party,2,quantum-ready,TLSv1.3,TLS_AES_256_GCM_SHA384,EC-secp256r1,256,True,89.2,1.0
zklink-nova-evm.twnodes.com,other_third_party,5,modern-classical,TLSv1.2,ECDHE-RSA-AES128-GCM-SHA256,RSA,,False,73.8,6.0
zksync.twnodes.com,other_third_party,5,modern-classical,TLSv1.2,ECDHE-RSA-AES128-GCM-SHA256,RSA,,False,73.8,6.0
zumba.com,first_party,2,quantum-ready,TLSv1.3,TLS_AES_256_GCM_SHA384,EC-secp256r1,256,True,89.2,1.0
